Order_ID,Order_Date,Customer,Product,Category,Region,Quantity,Unit_Price,Discount,Revenue,Gross_Sales,Discount_Amount,Month
ORD10001,2025-07-25,Customer_095,Headphones,Accessories,West,5.0,10349.15,0.05,49158.4625,51745.75,2587.2875000000004,2025-07
ORD10002,2025-04-09,Customer_012,Monitor,Electronics,North,2.0,22268.58,0.05,42310.302,44537.16,2226.858,2025-04
ORD10003,2025-05-24,Customer_057,Power Bank,Accessories,Central,2.0,1559.46,0.15,2651.0820000000003,3118.92,467.83799999999997,2025-05
ORD10004,2025-05-02,Customer_005,Speaker,Audio,East,4.0,9781.11,0.2,31299.552000000003,39124.44,7824.888000000001,2025-05
ORD10005,2025-03-17,Customer_009,Usb Hub,Accessories,South,4.0,1201.83,0.0,4807.32,4807.32,0.0,2025-03
ORD10006,2025-06-23,Customer_013,Printer,Office,South,3.0,22470.51,0.15,57299.8005,67411.53,10111.7295,2025-06
ORD10007,2025-01-29,Customer_037,Power Bank,Accessories,East,1.0,3664.88,0.0,3664.88,3664.88,0.0,2025-01
ORD10008,2025-05-25,Customer_071,Keyboard,Accessories,North,2.0,3116.79,0.15,5298.543,6233.58,935.0369999999999,2025-05
ORD10009,2025-07-01,Customer_039,Headphones,Accessories,East,2.0,4982.36,0.1,8968.248,9964.72,996.472,2025-07
ORD10010,2025-06-22,Customer_013,Webcam,Accessories,South,1.0,3316.39,0.05,3150.5705,3316.39,165.8195,2025-06
ORD10011,2025-01-01,Unknown,Tablet,Electronics,Central,2.0,13858.01,0.0,27716.02,27716.02,0.0,2025-01
ORD10012,2025-04-27,Customer_006,Headphones,Accessories,South,1.0,5522.41,0.05,5246.2895,5522.41,276.1205,2025-04
ORD10013,2025-05-29,Customer_080,Usb Hub,Accessories,Central,1.0,2439.76,0.0,2439.76,2439.76,0.0,2025-05
ORD10014,2025-01-20,Customer_057,Usb Hub,Accessories,South,5.0,647.59,0.1,2914.155,3237.9500000000003,323.7950000000001,2025-01
ORD10015,2025-01-01,Customer_054,Printer,Office,East,1.0,10119.37,0.05,9613.4015,10119.37,505.96850000000006,2025-01
ORD10016,2025-08-12,Customer_016,Keyboard,Accessories,West,4.0,827.25,0.05,3143.55,3309.0,165.45000000000002,2025-08
ORD10017,2025-06-13,Customer_090,Monitor,Electronics,South,1.0,16048.86,0.0,16048.86,16048.86,0.0,2025-06
ORD10018,2025-08-16,Customer_064,Printer,Office,East,1.0,11052.82,0.05,10500.179,11052.82,552.641,2025-08
ORD10019,2025-07-31,Customer_077,Printer,Office,West,2.0,16185.83,0.05,30753.077,32371.66,1618.583,2025-07
ORD10020,2025-03-23,Customer_069,Tablet,Electronics,North,1.0,16395.11,0.0,16395.11,16395.11,0.0,2025-03
ORD10021,2025-01-05,Customer_033,Gaming Mouse,Gaming,North,1.0,4724.19,0.15,4015.5615,4724.19,708.6284999999999,2025-01
ORD10022,2025-03-04,Customer_089,Keyboard,Accessories,East,2.0,3458.8,0.05,6571.72,6917.6,345.88000000000005,2025-03
ORD10023,2025-04-09,Customer_001,Smartphone,Electronics,Central,3.0,61108.08,0.05,174158.028,183324.24,9166.212,2025-04
ORD10024,2025-05-13,Customer_003,Printer,Office,Central,1.0,22429.73,0.15,19065.2705,22429.73,3364.4595,2025-05
ORD10025,2025-03-24,Customer_017,External Ssd,Storage,Central,2.0,14439.57,0.1,25991.226,28879.14,2887.914,2025-03
ORD10026,2025-07-24,Customer_004,Mechanical Keyboard,Gaming,South,2.0,3339.54,0.2,5343.264,6679.08,1335.816,2025-07
ORD10027,2025-03-13,Customer_039,Gaming Mouse,Gaming,South,2.0,3434.33,0.05,6525.227,6868.66,343.433,2025-03
ORD10028,2025-09-25,Customer_065,Smartphone,Electronics,West,2.0,41191.59,0.15,70025.703,82383.18,12357.476999999999,2025-09
ORD10029,2025-04-22,Customer_047,External Ssd,Storage,Central,2.0,16396.5,0.05,31153.35,32793.0,1639.65,2025-04
ORD10030,2025-07-11,Customer_098,Keyboard,Accessories,South,2.0,2671.42,0.0,5342.84,5342.84,0.0,2025-07
ORD10031,2025-09-06,Customer_038,Laptop,Electronics,North,2.0,62650.98,0.05,119036.86200000001,125301.96,6265.098000000001,2025-09
ORD10032,2025-02-20,Customer_081,External Ssd,Storage,Central,3.0,10155.06,0.1,27418.662,30465.18,3046.518,2025-02
ORD10033,2025-09-30,Customer_084,Webcam,Accessories,Central,3.0,4026.41,0.15,10267.3455,12079.23,1811.8845,2025-09
ORD10034,2025-08-23,Customer_043,Gaming Mouse,Gaming,East,5.0,2919.73,0.05,13868.717499999999,14598.65,729.9325,2025-08
ORD10035,2025-04-05,Customer_075,Power Bank,Accessories,West,1.0,1299.53,0.0,1299.53,1299.53,0.0,2025-04
ORD10036,2025-07-14,Customer_027,External Ssd,Storage,Central,1.0,9493.67,0.15,8069.6195,9493.67,1424.0505,2025-07
ORD10037,2025-01-05,Customer_082,Smartwatch,Wearables,West,5.0,11830.0,0.0,59150.0,59150.0,0.0,2025-01
ORD10038,2025-05-13,Customer_012,Laptop,Electronics,South,1.0,46431.21,0.1,41788.089,46431.21,4643.121,2025-05
ORD10039,2025-03-14,Customer_026,Usb Hub,Accessories,North,4.0,757.5,0.05,2878.5,3030.0,151.5,2025-03
ORD10040,2025-04-17,Customer_063,Usb Hub,Accessories,Central,2.0,1875.57,0.1,3376.026,3751.14,375.11400000000003,2025-04
ORD10041,2025-09-10,Customer_052,Speaker,Electronics,South,1.0,8880.56,0.0,8880.56,8880.56,0.0,2025-09
ORD10042,2025-06-03,Customer_014,Webcam,Accessories,East,3.0,4421.96,0.1,11939.292000000001,13265.880000000001,1326.5880000000002,2025-06
ORD10043,2025-08-26,Customer_018,External Ssd,Storage,South,1.0,14273.54,0.15,12132.509000000002,14273.54,2141.031,2025-08
ORD10044,2025-04-29,Customer_028,External Ssd,Storage,South,1.0,10163.13,0.0,10163.13,10163.13,0.0,2025-04
ORD10045,2025-05-06,Customer_044,Speaker,Audio,North,2.0,8646.03,0.0,17292.06,17292.06,0.0,2025-05
ORD10046,2025-03-08,Customer_018,Mechanical Keyboard,Gaming,West,4.0,6358.35,0.1,22890.06,25433.4,2543.34,2025-03
ORD10047,2025-08-24,Customer_083,Mechanical Keyboard,Gaming,South,2.0,6314.47,0.1,11366.046,12628.94,1262.8940000000002,2025-08
ORD10048,2025-08-14,Customer_059,Speaker,Audio,East,1.0,4586.2,0.1,4127.58,4586.2,458.62,2025-08
ORD10049,2025-05-30,Customer_021,Mechanical Keyboard,Gaming,West,5.0,6437.54,0.0,32187.7,32187.7,0.0,2025-05
ORD10050,2025-06-01,Customer_055,Tablet,Electronics,North,3.0,14900.29,0.15,37995.7395,44700.87,6705.1305,2025-06
ORD10051,2025-02-05,Customer_024,External Ssd,Storage,South,1.0,11818.65,0.05,11227.717499999999,11818.65,590.9325,2025-02
ORD10052,2025-04-28,Customer_094,Headphones,Accessories,East,2.0,11107.87,0.0,22215.74,22215.74,0.0,2025-04
ORD10053,2025-01-26,Customer_051,Monitor,Electronics,Central,3.0,24087.6,0.1,65036.51999999999,72262.79999999999,7226.279999999999,2025-01
ORD10054,2025-07-31,Customer_097,Smartwatch,Wearables,West,3.0,5399.18,0.05,15387.663,16197.54,809.8770000000001,2025-07
ORD10055,2025-02-07,Customer_037,Tablet,Electronics,East,1.0,15789.62,0.1,14210.658000000001,15789.62,1578.9620000000002,2025-02
ORD10056,2025-06-27,Customer_010,Laptop,Accessories,Central,4.0,1597.8,0.1,5752.08,6391.2,639.12,2025-06
ORD10057,2025-05-10,Customer_084,Tablet,Electronics,North,1.0,44668.69,0.05,42435.2555,44668.69,2233.4345000000003,2025-05
ORD10058,2025-02-07,Customer_035,Headphones,Accessories,North,1.0,1229.28,0.0,1229.28,1229.28,0.0,2025-02
ORD10059,2025-05-17,Customer_034,Keyboard,Accessories,West,3.0,2788.73,0.05,7947.8805,8366.19,418.30950000000007,2025-05
ORD10060,2025-03-01,Customer_064,Smartwatch,Wearables,Central,1.0,16859.97,0.1,15173.973000000002,16859.97,1685.9970000000003,2025-03
ORD10061,2025-08-01,Customer_037,Headphones,Accessories,Central,1.0,9788.89,0.0,9788.89,9788.89,0.0,2025-08
ORD10062,2025-03-30,Customer_042,Smartphone,Electronics,North,1.0,49856.72,0.15,42378.212,49856.72,7478.508,2025-03
ORD10063,2025-06-28,Customer_038,Monitor,Electronics,North,2.0,18490.92,0.1,33283.655999999995,36981.84,3698.1839999999997,2025-06
ORD10064,2025-08-13,Customer_066,Smartwatch,Wearables,Central,3.0,10292.17,0.0,30876.510000000002,30876.510000000002,0.0,2025-08
ORD10065,2025-05-14,Customer_067,External Ssd,Storage,East,4.0,13115.09,0.0,52460.36,52460.36,0.0,2025-05
ORD10066,2025-06-06,Customer_033,Mechanical Keyboard,Gaming,West,1.0,3405.27,0.1,3064.743,3405.27,340.52700000000004,2025-06
ORD10067,2025-04-07,Customer_027,Smartphone,Electronics,North,3.0,46523.3,0.2,111655.92000000001,139569.90000000002,27913.980000000007,2025-04
ORD10068,2025-05-03,Customer_074,Webcam,Accessories,North,1.0,4634.39,0.1,4170.951,4634.39,463.4390000000001,2025-05
ORD10069,2025-08-04,Customer_052,Smartwatch,Wearables,Central,1.0,10815.46,0.05,10274.687,10815.46,540.773,2025-08
ORD10070,2025-06-22,Customer_002,Webcam,Accessories,East,2.0,4174.97,0.05,7932.443,8349.94,417.49700000000007,2025-06
ORD10071,2025-03-10,Customer_020,Keyboard,Accessories,East,2.0,2643.06,0.1,4757.508,5286.12,528.612,2025-03
ORD10072,2025-01-23,Customer_047,Smartphone,Electronics,South,5.0,33838.83,0.0,169194.15000000002,169194.15000000002,0.0,2025-01
ORD10073,2025-07-29,Customer_089,Monitor,Electronics,North,4.0,12220.38,0.1,43993.367999999995,48881.52,4888.152,2025-07
ORD10074,2025-05-13,Customer_037,External Ssd,Storage,South,1.0,16337.61,0.15,13886.9685,16337.61,2450.6415,2025-05
ORD10075,2025-02-20,Customer_029,Speaker,Audio,North,3.0,4682.7,0.0,14048.099999999999,14048.099999999999,0.0,2025-02
ORD10076,2025-04-20,Customer_036,External Ssd,Storage,North,4.0,10860.91,0.0,43443.64,43443.64,0.0,2025-04
ORD10077,2025-05-29,Customer_047,Headphones,Accessories,North,1.0,4563.6,0.0,4563.6,4563.6,0.0,2025-05
ORD10078,2025-06-03,Customer_041,External Ssd,Storage,East,3.0,7672.54,0.1,20715.858,23017.62,2301.762,2025-06
ORD10079,2025-07-29,Customer_091,Power Bank,Accessories,South,1.0,2565.93,0.15,2181.0405,2565.93,384.88949999999994,2025-07
ORD10080,2025-09-08,Customer_051,Printer,Office,North,4.0,17154.3,0.0,68617.2,68617.2,0.0,2025-09
ORD10081,2025-06-26,Customer_029,Speaker,Audio,East,2.0,5060.87,0.15,8603.479,10121.74,1518.261,2025-06
ORD10082,2025-03-25,Customer_049,Tablet,Electronics,West,2.0,12432.12,0.1,22377.816000000003,24864.24,2486.4240000000004,2025-03
ORD10083,2025-02-18,Customer_071,Mechanical Keyboard,Gaming,North,1.0,3054.77,0.2,2443.816,3054.77,610.9540000000001,2025-02
ORD10084,2025-07-30,Customer_062,Laptop,Electronics,Central,1.0,62879.32,0.05,59735.354,62879.32,3143.9660000000003,2025-07
ORD10085,2025-01-19,Customer_018,Monitor,Electronics,North,2.0,16932.24,0.15,28784.808000000005,33864.48,5079.6720000000005,2025-01
ORD10086,2025-04-23,Customer_094,Smartphone,Electronics,East,3.0,8298.77,0.1,22406.679,24896.31,2489.6310000000003,2025-04
ORD10087,2025-05-11,Customer_032,Printer,Office,South,1.0,9456.63,0.15,8038.135499999999,9456.63,1418.4944999999998,2025-05
ORD10088,2025-03-28,Customer_055,Monitor,Electronics,West,1.0,22523.99,0.05,21397.790500000003,22523.99,1126.1995000000002,2025-03
ORD10089,2025-09-04,Customer_067,Smartphone,Electronics,East,3.0,62684.66,0.05,178651.28100000002,188053.98,9402.699,2025-09
ORD10090,2025-08-17,Customer_067,Mechanical Keyboard,Gaming,East,2.0,6367.82,0.05,12098.858,12735.64,636.782,2025-08
ORD10091,2025-04-06,Customer_088,Gaming Mouse,Gaming,East,2.0,1876.55,0.0,3753.1,3753.1,0.0,2025-04
ORD10092,2025-08-11,Customer_055,Gaming Mouse,Gaming,South,5.0,4772.08,0.0,23860.4,23860.4,0.0,2025-08
ORD10093,2025-05-27,Customer_019,Webcam,Accessories,West,1.0,1970.3,0.0,1970.3,1970.3,0.0,2025-05
ORD10094,2025-07-16,Customer_020,Monitor,Electronics,East,2.0,23782.87,0.15,40430.879,47565.74,7134.861,2025-07
ORD10095,2025-01-20,Customer_005,Gaming Mouse,Gaming,Central,1.0,2456.74,0.1,2211.066,2456.74,245.67399999999998,2025-01
ORD10096,2025-03-22,Customer_074,Power Bank,Accessories,East,1.0,2611.35,0.05,2480.7825,2611.35,130.5675,2025-03
ORD10097,2025-04-25,Customer_081,Speaker,Audio,North,4.0,8298.77,0.05,31535.326,33195.08,1659.7540000000001,2025-04
ORD10098,2025-09-03,Customer_022,Smartphone,Electronics,East,2.0,49841.3,0.05,94698.47,99682.6,4984.130000000001,2025-09
ORD10099,2025-04-08,Customer_087,Webcam,Accessories,Central,2.0,2227.52,0.15,3786.784,4455.04,668.256,2025-04
ORD10100,2025-02-10,Customer_038,External Ssd,Storage,South,1.0,16885.88,0.0,16885.88,16885.88,0.0,2025-02
ORD10101,2025-03-28,Customer_086,Smartphone,Electronics,Central,2.0,50828.12,0.0,101656.24,101656.24,0.0,2025-03
ORD10102,2025-04-08,Customer_012,Webcam,Accessories,Central,1.0,2965.74,0.1,2669.1659999999997,2965.74,296.574,2025-04
ORD10103,2025-07-09,Customer_046,Mechanical Keyboard,Gaming,South,2.0,3639.91,0.15,6187.847,7279.82,1091.973,2025-07
ORD10104,2025-01-29,Customer_021,Monitor,Electronics,East,1.0,24498.71,0.0,24498.71,24498.71,0.0,2025-01
ORD10105,2025-08-20,Customer_099,Mechanical Keyboard,Gaming,South,1.0,4811.87,0.1,4330.683,4811.87,481.187,2025-08
ORD10106,2025-09-07,Customer_036,Speaker,Audio,West,1.0,9609.74,0.0,9609.74,9609.74,0.0,2025-09
ORD10107,2025-07-20,Customer_026,Speaker,Audio,South,1.0,8653.0,0.15,7355.05,8653.0,1297.95,2025-07
ORD10108,2025-08-05,Customer_061,Printer,Office,East,1.0,7427.62,0.1,6684.858,7427.62,742.7620000000001,2025-08
ORD10109,2025-08-17,Customer_044,Mechanical Keyboard,Gaming,East,2.0,5487.93,0.0,10975.86,10975.86,0.0,2025-08
ORD10110,2025-02-13,Customer_059,Headphones,Accessories,East,1.0,7574.49,0.05,7195.7654999999995,7574.49,378.72450000000003,2025-02
ORD10111,2025-01-12,Customer_062,External Ssd,Storage,East,5.0,15270.18,0.1,68715.81,76350.9,7635.09,2025-01
ORD10112,2025-07-17,Customer_072,Smartwatch,Wearables,North,3.0,15001.7,0.1,40504.590000000004,45005.100000000006,4500.510000000001,2025-07
ORD10113,2025-01-26,Customer_047,Mechanical Keyboard,Gaming,South,4.0,6703.32,0.1,24131.951999999997,26813.28,2681.328,2025-01
ORD10114,2025-03-27,Customer_007,Printer,Office,Central,2.0,24987.72,0.1,44977.896,49975.44,4997.544000000001,2025-03
ORD10115,2025-08-03,Customer_093,Keyboard,Accessories,South,3.0,1239.28,0.0,3717.84,3717.84,0.0,2025-08
ORD10116,2025-04-13,Customer_017,Power Bank,Accessories,East,3.0,1070.14,0.05,3049.899,3210.42,160.52100000000002,2025-04
ORD10117,2025-06-20,Customer_040,Smartphone,Electronics,South,2.0,41458.4,0.15,70479.28,82916.8,12437.52,2025-06
ORD10118,2025-01-04,Customer_093,Speaker,Audio,North,3.0,2055.53,0.05,5858.2605,6166.59,308.32950000000005,2025-01
ORD10119,2025-04-18,Customer_066,Keyboard,Accessories,East,3.0,2156.47,0.05,6145.9394999999995,6469.41,323.4705,2025-04
ORD10120,2025-05-21,Customer_018,Printer,Office,East,4.0,6404.12,0.15,21774.008,25616.48,3842.4719999999998,2025-05
ORD10121,,Customer_057,Webcam,Accessories,West,1.0,1552.17,0.0,1552.17,1552.17,0.0,
ORD10122,2025-03-06,Customer_094,Smartwatch,Wearables,North,5.0,14408.24,0.05,68439.14,72041.2,3602.06,2025-03
ORD10123,2025-05-26,Customer_062,External Ssd,Storage,Central,1.0,9610.09,0.05,9129.585500000001,9610.09,480.5045,2025-05
ORD10124,2025-03-14,Customer_015,External Ssd,Storage,North,1.0,5232.36,0.2,4185.888,5232.36,1046.472,2025-03
ORD10125,2025-03-02,Customer_043,External Ssd,Storage,West,1.0,6617.69,0.2,5294.152,6617.69,1323.538,2025-03
ORD10126,2025-01-11,Customer_062,Power Bank,Accessories,Central,1.0,3625.27,0.15,3081.4795,3625.27,543.7905,2025-01
ORD10127,2025-03-13,Customer_020,Smartwatch,Wearables,Central,5.0,14021.97,0.0,70109.84999999999,70109.84999999999,0.0,2025-03
ORD10128,2025-04-17,Customer_098,Power Bank,Accessories,North,2.0,2783.98,0.1,5011.164,5567.96,556.796,2025-04
ORD10129,2025-09-19,Customer_005,Speaker,Audio,Central,1.0,3084.73,0.1,2776.257,3084.73,308.473,2025-09
ORD10130,2025-01-20,Customer_061,Power Bank,Accessories,East,2.0,1570.6,0.1,2827.08,3141.2,314.12,2025-01
ORD10131,2025-08-04,Customer_003,Laptop,Electronics,East,1.0,79120.73,0.1,71208.65699999999,79120.73,7912.073,2025-08
ORD10132,2025-03-09,Customer_014,Smartwatch,Wearables,Central,1.0,5969.17,0.1,5372.253,5969.17,596.917,2025-03
ORD10133,2025-01-29,Customer_009,Headphones,Accessories,East,1.0,10676.58,0.05,10142.751,10676.58,533.8290000000001,2025-01
ORD10134,2025-02-09,Customer_025,Smartwatch,Wearables,Central,5.0,15862.98,0.15,67417.665,79314.9,11897.234999999999,2025-02
ORD10135,2025-02-07,Customer_072,Printer,Office,East,3.0,11346.43,0.05,32337.3255,34039.29,1701.9645,2025-02
ORD10136,2025-06-25,Customer_077,Laptop,Electronics,West,3.0,67314.41,0.0,201943.23,201943.23,0.0,2025-06
ORD10137,2025-08-12,Customer_062,External Ssd,Storage,Central,1.0,16065.69,0.05,15262.4055,16065.69,803.2845000000001,2025-08
ORD10138,2025-02-09,Customer_091,Printer,Office,Central,4.0,16855.06,0.1,60678.216,67420.24,6742.024000000001,2025-02
ORD10139,2025-06-17,Customer_092,Printer,Office,North,1.0,22693.97,0.1,20424.573,22693.97,2269.3970000000004,2025-06
ORD10140,2025-02-14,Customer_089,Speaker,Audio,Central,1.0,2863.4,0.05,2720.23,2863.4,143.17000000000002,2025-02
ORD10141,2025-01-07,Customer_005,Usb Hub,Accessories,East,2.0,1737.22,0.1,3126.996,3474.44,347.444,2025-01
ORD10142,2025-06-09,Customer_053,Tablet,Electronics,South,5.0,27360.51,0.15,116282.1675,136802.55,20520.382499999996,2025-06
ORD10143,2025-08-12,Customer_013,Laptop,Electronics,East,3.0,82446.04,0.1,222604.308,247338.12,24733.812,2025-08
ORD10144,2025-07-07,Customer_064,Printer,Office,Central,5.0,18004.46,0.05,85521.18499999998,90022.29999999999,4501.115,2025-07
ORD10145,2025-03-15,Customer_096,Tablet,Electronics,South,3.0,15530.36,0.1,41931.972,46591.08,4659.108,2025-03
ORD10146,2025-07-15,Customer_020,Tablet,Electronics,West,1.0,32876.52,0.15,27945.041999999998,32876.52,4931.477999999999,2025-07
ORD10147,2025-07-12,Customer_022,Laptop,Electronics,South,1.0,58543.36,0.1,52689.024,58543.36,5854.336,2025-07
ORD10148,2025-06-24,Customer_029,Usb Hub,Accessories,West,1.0,2204.83,0.2,1763.864,2204.83,440.966,2025-06
ORD10149,2025-01-07,Customer_029,Keyboard,Accessories,East,3.0,1064.24,0.1,2873.4480000000003,3192.7200000000003,319.27200000000005,2025-01
ORD10150,2025-02-27,Customer_087,Webcam,Accessories,South,3.0,3545.08,0.15,9039.954,10635.24,1595.2859999999998,2025-02
ORD10151,2025-04-09,Customer_013,Headphones,Accessories,North,1.0,6260.23,0.15,5321.1955,6260.23,939.0344999999999,2025-04
ORD10152,2025-05-10,Customer_047,Webcam,Accessories,West,1.0,5871.45,0.1,5284.305,5871.45,587.145,2025-05
ORD10153,2025-08-24,Customer_056,Smartwatch,Wearables,West,2.0,6735.52,0.2,10776.832,13471.04,2694.2080000000005,2025-08
ORD10154,2025-03-25,Customer_006,External Ssd,Storage,East,3.0,16823.82,0.15,42900.741,50471.46,7570.718999999999,2025-03
ORD10155,2025-01-15,Customer_034,Headphones,Accessories,Central,1.0,11826.96,0.05,11235.612,11826.96,591.348,2025-01
ORD10156,2025-09-28,Customer_080,Smartwatch,Wearables,East,1.0,15955.9,0.1,14360.31,15955.9,1595.5900000000001,2025-09
ORD10157,2025-01-08,Customer_079,Printer,Office,East,5.0,9524.98,0.15,40481.16499999999,47624.899999999994,7143.734999999999,2025-01
ORD10158,2025-06-30,Customer_024,External Ssd,Storage,West,3.0,14893.31,0.1,40211.937,44679.93,4467.993,2025-06
ORD10159,2025-08-10,Customer_078,Smartphone,Electronics,North,5.0,25200.24,0.05,119701.14000000001,126001.20000000001,6300.060000000001,2025-08
ORD10160,2025-08-02,Customer_002,Laptop,Electronics,East,2.0,56139.3,0.1,101050.74,112278.6,11227.86,2025-08
ORD10161,2025-04-05,Customer_038,Headphones,Accessories,East,5.0,2815.47,0.05,13373.482499999998,14077.349999999999,703.8675,2025-04
ORD10162,2025-09-24,Customer_086,Headphones,Accessories,East,2.0,10489.32,0.1,18880.775999999998,20978.64,2097.864,2025-09
ORD10163,2025-06-09,Customer_079,Mechanical Keyboard,Gaming,West,1.0,4073.29,0.2,3258.632,4073.29,814.658,2025-06
ORD10164,2025-01-02,Customer_097,Printer,Office,North,3.0,16633.32,0.0,49899.96,49899.96,0.0,2025-01
ORD10165,2025-06-03,Customer_022,Keyboard,Accessories,South,4.0,931.02,0.15,3165.468,3724.08,558.612,2025-06
ORD10166,2025-05-23,Customer_098,Tablet,Electronics,South,5.0,18628.35,0.1,83827.575,93141.75,9314.175000000001,2025-05
ORD10167,2025-05-03,Customer_006,External Ssd,Storage,North,1.0,6359.38,0.1,5723.442,6359.38,635.9380000000001,2025-05
ORD10168,2025-07-23,Customer_008,Printer,Office,South,4.0,6987.45,0.1,25154.82,27949.8,2794.98,2025-07
ORD10169,2025-01-07,Customer_075,Gaming Mouse,Gaming,West,2.0,4112.03,0.1,7401.6539999999995,8224.06,822.406,2025-01
ORD10170,2025-01-03,Customer_041,Usb Hub,Accessories,West,2.0,1694.95,0.1,3050.91,3389.9,338.99,2025-01
ORD10171,2025-03-28,Customer_012,Tablet,Electronics,Central,3.0,14693.79,0.0,44081.37,44081.37,0.0,2025-03
ORD10172,2025-08-26,Customer_100,Laptop,Electronics,Central,2.0,72708.39,0.05,138145.941,145416.78,7270.839,2025-08
ORD10173,2025-03-23,Customer_070,Tablet,Electronics,South,1.0,38060.05,0.1,34254.045000000006,38060.05,3806.0050000000006,2025-03
ORD10174,2025-02-28,Customer_003,Keyboard,Accessories,West,2.0,1630.48,0.1,2934.864,3260.96,326.096,2025-02
ORD10175,2025-07-26,Customer_097,Speaker,Audio,West,1.0,7281.94,0.0,7281.94,7281.94,0.0,2025-07
ORD10176,2025-01-24,Customer_020,Mechanical Keyboard,Accessories,Central,1.0,8745.07,0.05,8307.816499999999,8745.07,437.25350000000003,2025-01
ORD10177,2025-06-01,Customer_050,Tablet,Electronics,North,1.0,24244.28,0.2,19395.424,24244.28,4848.856,2025-06
ORD10178,2025-08-16,Customer_066,Laptop,Electronics,South,2.0,71462.63,0.0,142925.26,142925.26,0.0,2025-08
ORD10179,2025-07-05,Customer_012,Keyboard,Accessories,East,3.0,2534.03,0.2,6081.6720000000005,7602.09,1520.4180000000001,2025-07
ORD10180,2025-01-08,Customer_100,Webcam,Accessories,South,2.0,4973.58,0.1,8952.444,9947.16,994.716,2025-01
ORD10181,2025-02-10,Customer_062,Headphones,Accessories,West,1.0,11691.07,0.0,11691.07,11691.07,0.0,2025-02
ORD10182,2025-03-25,Customer_002,Speaker,Audio,North,1.0,6539.81,0.1,5885.829000000001,6539.81,653.9810000000001,2025-03
ORD10183,2025-08-17,Customer_005,Mechanical Keyboard,Gaming,North,1.0,8801.18,0.05,8361.121000000001,8801.18,440.059,2025-08
ORD10184,2025-01-10,Customer_067,Headphones,Accessories,South,3.0,2613.44,0.2,6272.255999999999,7840.32,1568.064,2025-01
ORD10185,2025-05-13,Customer_020,Usb Hub,Accessories,East,2.0,1838.78,0.0,3677.56,3677.56,0.0,2025-05
ORD10186,2025-05-01,Customer_037,Smartwatch,Wearables,Central,4.0,6414.18,0.05,24373.884000000002,25656.72,1282.8360000000002,2025-05
ORD10187,2025-06-05,Customer_079,Speaker,Audio,West,2.0,8145.22,0.1,14661.396,16290.44,1629.044,2025-06
ORD10188,2025-01-20,Customer_026,Speaker,Audio,Central,2.0,1790.6,0.2,2864.96,3581.2,716.24,2025-01
ORD10189,2025-02-28,Customer_069,Webcam,Accessories,North,2.0,2735.86,0.0,5471.72,5471.72,0.0,2025-02
ORD10190,2025-06-30,Customer_088,Webcam,Accessories,East,2.0,1728.65,0.0,3457.3,3457.3,0.0,2025-06
ORD10191,2025-07-04,Customer_039,External Ssd,Storage,East,1.0,17373.55,0.1,15636.195,17373.55,1737.355,2025-07
ORD10192,2025-05-06,Customer_045,Power Bank,Accessories,West,2.0,2967.28,0.0,5934.56,5934.56,0.0,2025-05
ORD10193,2025-05-09,Customer_008,Tablet,Electronics,Central,3.0,18661.16,0.1,50385.132,55983.479999999996,5598.348,2025-05
ORD10194,2025-07-12,Customer_055,Speaker,Audio,South,2.0,8879.21,0.0,17758.42,17758.42,0.0,2025-07
ORD10195,2025-01-26,Customer_008,Headphones,Accessories,North,1.0,1389.17,0.0,1389.17,1389.17,0.0,2025-01
ORD10196,2025-01-01,Customer_019,Laptop,Electronics,Central,1.0,86892.69,0.1,78203.421,86892.69,8689.269,2025-01
ORD10197,2025-07-11,Customer_070,Monitor,Electronics,North,2.0,21120.89,0.05,40129.691,42241.78,2112.089,2025-07
ORD10198,2025-09-02,Customer_077,Power Bank,Accessories,North,4.0,3979.34,0.1,14325.624,15917.36,1591.736,2025-09
ORD10199,2025-05-12,Customer_019,Monitor,Electronics,South,1.0,22660.74,0.1,20394.666,22660.74,2266.074,2025-05
ORD10200,2025-05-09,Customer_088,Mechanical Keyboard,Gaming,North,3.0,7685.79,0.05,21904.5015,23057.37,1152.8685,2025-05
ORD10201,2025-05-23,Customer_999,Keyboard,Accessories,East,1.0,2464.58,0.1,2218.122,2464.58,246.458,2025-05
ORD10202,2025-04-12,Customer_090,Headphones,Accessories,East,1.0,6045.89,0.0,6045.89,6045.89,0.0,2025-04
ORD10203,2025-09-22,Customer_003,Headphones,Accessories,Central,2.0,8416.7,0.1,15150.060000000001,16833.4,1683.3400000000001,2025-09
ORD10204,2025-04-27,Customer_093,Power Bank,Accessories,South,4.0,2509.15,0.05,9534.77,10036.6,501.83000000000004,2025-04
ORD10205,2025-08-16,Customer_015,Speaker,Audio,East,1.0,2766.43,0.1,2489.787,2766.43,276.643,2025-08
ORD10206,2025-01-21,Customer_023,Usb Hub,Accessories,East,3.0,2125.97,0.1,5740.119,6377.91,637.791,2025-01
ORD10207,2025-07-22,Customer_051,Power Bank,Accessories,West,1.0,2907.17,0.15,2471.0945,2907.17,436.0755,2025-07
ORD10208,2025-02-21,Customer_027,Monitor,Electronics,Central,4.0,16384.08,0.0,65536.32,65536.32,0.0,2025-02
ORD10209,2025-06-07,Customer_018,Power Bank,Accessories,South,3.0,2571.4,0.05,7328.490000000001,7714.200000000001,385.71000000000004,2025-06
ORD10210,2025-09-20,Customer_095,Headphones,Accessories,West,1.0,5666.33,0.0,5666.33,5666.33,0.0,2025-09
ORD10211,2025-08-29,Customer_042,Usb Hub,Accessories,Central,1.0,1550.33,0.1,1395.297,1550.33,155.03300000000002,2025-08
ORD10212,2025-09-20,Customer_054,Tablet,Electronics,North,1.0,43776.59,0.05,41587.7605,43776.59,2188.8295,2025-09
ORD10213,2025-05-21,Customer_022,Gaming Mouse,Gaming,Central,1.0,3058.65,0.0,3058.65,3058.65,0.0,2025-05
ORD10214,2025-01-10,Customer_088,External Ssd,Storage,South,4.0,7965.04,0.0,31860.16,31860.16,0.0,2025-01
ORD10215,2025-02-18,Customer_026,Smartphone,Electronics,East,1.0,64824.01,0.1,58341.609000000004,64824.01,6482.401000000001,2025-02
ORD10216,2025-03-01,Customer_039,Webcam,Accessories,South,3.0,3011.43,0.15,7679.146499999999,9034.289999999999,1355.1435,2025-03
ORD10217,2025-08-30,Customer_069,Power Bank,Accessories,North,3.0,3276.63,0.0,9829.89,9829.89,0.0,2025-08
ORD10218,2025-05-30,Customer_048,Mechanical Keyboard,Gaming,Central,3.0,8108.18,0.0,24324.54,24324.54,0.0,2025-05
ORD10219,2025-05-18,Customer_073,Smartwatch,Wearables,Central,2.0,11909.96,0.1,21437.928,23819.92,2381.9919999999997,2025-05
ORD10220,2025-09-20,Customer_085,Keyboard,Accessories,South,2.0,2090.95,0.2,3345.5199999999995,4181.9,836.38,2025-09
ORD10221,2025-08-29,Customer_075,Gaming Mouse,Gaming,West,1.0,2655.62,0.1,2390.058,2655.62,265.562,2025-08
ORD10222,2025-06-16,Customer_036,External Ssd,Storage,Central,3.0,12841.85,0.05,36599.27250000001,38525.55,1926.2775000000001,2025-06
ORD10223,2025-03-11,Customer_041,External Ssd,Storage,West,4.0,7494.28,0.05,28478.264,29977.12,1498.856,2025-03
ORD10224,2025-01-27,Customer_032,External Ssd,Storage,Central,2.0,15814.22,0.1,28465.595999999998,31628.44,3162.844,2025-01
ORD10225,2025-02-27,Customer_003,External Ssd,Storage,South,1.0,12706.56,0.1,11435.903999999999,12706.56,1270.656,2025-02
ORD10226,2025-04-26,Customer_008,Monitor,Electronics,West,5.0,22898.62,0.1,103043.79,114493.09999999999,11449.31,2025-04
ORD10227,2025-07-27,Customer_062,Mechanical Keyboard,Gaming,North,1.0,8750.83,0.1,7875.746999999999,8750.83,875.0830000000001,2025-07
ORD10228,2025-05-16,Customer_084,Mechanical Keyboard,Gaming,East,3.0,2508.04,0.05,7147.914,7524.12,376.206,2025-05
ORD10229,2025-04-14,Customer_005,Usb Hub,Accessories,West,4.0,969.28,0.05,3683.264,3877.12,193.856,2025-04
ORD10230,2025-05-29,Customer_084,Webcam,Accessories,South,4.0,4469.76,0.15,15197.184000000001,17879.04,2681.856,2025-05
ORD10231,2025-02-07,Customer_098,Headphones,Accessories,Central,3.0,10538.61,0.1,28454.247000000003,31615.83,3161.5830000000005,2025-02
ORD10232,2025-03-07,Customer_085,External Ssd,Storage,South,1.0,8940.67,0.05,8493.6365,8940.67,447.0335,2025-03
ORD10233,2025-06-29,Customer_062,Smartwatch,Wearables,South,4.0,11083.93,0.05,42118.934,44335.72,2216.786,2025-06
ORD10234,2025-05-23,Customer_086,Headphones,Accessories,West,2.0,6769.34,0.15,11507.878,13538.68,2030.802,2025-05
ORD10235,2025-02-11,Customer_038,Mechanical Keyboard,Gaming,South,3.0,3855.32,0.15,9831.066,11565.960000000001,1734.894,2025-02
ORD10236,2025-05-14,Customer_067,Laptop,Electronics,West,2.0,75343.67,0.1,135618.606,150687.34,15068.734,2025-05
ORD10237,2025-05-10,Customer_035,Laptop,Electronics,South,3.0,59513.76,0.0,178541.28,178541.28,0.0,2025-05
ORD10238,2025-09-10,Customer_054,Smartwatch,Wearables,North,5.0,11382.14,0.15,48374.095,56910.7,8536.605,2025-09
ORD10239,2025-08-26,Customer_052,Usb Hub,Accessories,East,4.0,1474.12,0.1,5306.831999999999,5896.48,589.648,2025-08
ORD10240,2025-01-25,Customer_079,Mechanical Keyboard,Gaming,West,5.0,7863.8,0.1,35387.1,39319.0,3931.9,2025-01
ORD10241,2025-04-02,Customer_013,Smartwatch,Wearables,West,1.0,14539.22,0.0,14539.22,14539.22,0.0,2025-04
ORD10242,2025-02-12,Customer_002,Monitor,Electronics,West,2.0,11218.96,0.1,20194.127999999997,22437.92,2243.792,2025-02
ORD10243,2025-09-23,Customer_089,Power Bank,Accessories,South,1.0,2098.03,0.1,1888.227,2098.03,209.80300000000003,2025-09
ORD10244,2025-03-24,Customer_009,Smartwatch,Wearables,East,2.0,14190.93,0.1,25543.674,28381.86,2838.186,2025-03
ORD10245,2025-09-20,Customer_080,Tablet,Electronics,West,1.0,37828.97,0.05,35937.5215,37828.97,1891.4485000000002,2025-09
ORD10246,2025-04-11,Customer_052,Headphones,Accessories,Central,2.0,8038.45,0.0,16076.9,16076.9,0.0,2025-04
ORD10247,2025-03-04,Customer_063,Gaming Mouse,Gaming,Central,2.0,3060.87,0.05,5815.653,6121.74,306.087,2025-03
ORD10248,2025-08-17,Customer_086,Printer,Office,Central,1.0,15984.59,0.05,15185.3605,15984.59,799.2295,2025-08
ORD10249,2025-09-03,Customer_079,Usb Hub,Accessories,Central,1.0,1332.31,0.05,1265.6945,1332.31,66.6155,2025-09
ORD10250,2025-03-06,Customer_013,Smartwatch,Wearables,Central,3.0,4625.2,0.1,12488.039999999999,13875.599999999999,1387.56,2025-03
ORD10251,2025-06-22,Customer_032,Mechanical Keyboard,Gaming,West,3.0,6590.44,0.0,19771.32,19771.32,0.0,2025-06
ORD10252,2025-09-13,Customer_055,Keyboard,Accessories,Central,1.0,1444.38,0.1,1299.942,1444.38,144.43800000000002,2025-09
ORD10253,2025-09-09,Customer_082,Laptop,Electronics,East,2.0,51752.19,0.05,98329.16100000001,103504.38,5175.219000000001,2025-09
ORD10254,2025-01-21,Customer_042,Tablet,Electronics,Central,1.0,25017.72,0.05,23766.834000000003,25017.72,1250.8860000000002,2025-01
ORD10255,2025-05-09,Customer_002,Webcam,Accessories,West,1.0,2061.82,0.1,1855.6380000000001,2061.82,206.18200000000002,2025-05
ORD10256,2025-08-20,Customer_021,External Ssd,Storage,West,1.0,8631.78,0.15,7337.013000000001,8631.78,1294.767,2025-08
ORD10257,2025-07-19,Customer_049,Printer,Office,North,2.0,18527.72,0.15,31497.124000000003,37055.44,5558.316,2025-07
ORD10258,2025-03-28,Customer_008,Speaker,Audio,Central,1.0,5906.47,0.0,5906.47,5906.47,0.0,2025-03
ORD10259,2025-06-01,Customer_017,Usb Hub,Accessories,Central,1.0,1992.41,0.1,1793.169,1992.41,199.241,2025-06
ORD10260,2025-08-16,Customer_011,Gaming Mouse,Gaming,West,2.0,2489.14,0.05,4729.366,4978.28,248.914,2025-08
ORD10261,2025-09-18,Customer_005,Printer,Office,South,3.0,18566.04,0.0,55698.12,55698.12,0.0,2025-09
ORD10262,2025-08-11,Customer_008,Smartwatch,Wearables,North,1.0,3773.66,0.2,3018.928,3773.66,754.732,2025-08
ORD10263,2025-03-19,Customer_041,Monitor,Electronics,North,5.0,23014.36,0.0,115071.8,115071.8,0.0,2025-03
ORD10264,2025-05-29,Customer_036,Laptop,Electronics,West,2.0,46887.81,0.2,75020.496,93775.62,18755.124,2025-05
ORD10265,2025-06-09,Customer_095,Mechanical Keyboard,Gaming,West,2.0,3240.72,0.05,6157.3679999999995,6481.44,324.072,2025-06
ORD10266,2025-07-02,Customer_073,Laptop,Electronics,North,1.0,46968.1,0.0,46968.1,46968.1,0.0,2025-07
ORD10267,2025-04-24,Customer_022,Webcam,Accessories,West,1.0,4525.51,0.05,4299.2345000000005,4525.51,226.27550000000002,2025-04
ORD10268,2025-06-23,Customer_021,Monitor,Electronics,East,1.0,11551.53,0.0,11551.53,11551.53,0.0,2025-06
ORD10269,2025-09-25,Customer_047,External Ssd,Storage,South,2.0,9119.99,0.15,15503.983,18239.98,2735.997,2025-09
ORD10270,2025-08-26,Customer_007,Mechanical Keyboard,Gaming,West,2.0,3936.91,0.2,6299.056,7873.82,1574.7640000000001,2025-08
ORD10271,2025-01-22,Customer_092,Headphones,Accessories,Central,1.0,4656.65,0.1,4190.985,4656.65,465.66499999999996,2025-01
ORD10272,2025-02-19,Customer_095,Smartphone,Electronics,East,3.0,20936.9,0.1,56529.630000000005,62810.700000000004,6281.070000000001,2025-02
ORD10273,2025-07-08,Customer_097,Tablet,Electronics,East,1.0,23298.66,0.05,22133.727,23298.66,1164.933,2025-07
ORD10274,2025-04-18,Customer_025,Laptop,Electronics,Central,1.0,70425.99,0.1,63383.391,70425.99,7042.599000000001,2025-04
ORD10275,2025-05-09,Customer_005,Keyboard,Accessories,East,1.0,1992.36,0.0,1992.36,1992.36,0.0,2025-05
ORD10276,2025-01-10,Customer_021,Laptop,Electronics,East,5.0,49463.01,0.05,234949.29750000002,247315.05000000002,12365.752500000002,2025-01
ORD10277,2025-03-27,Customer_090,Printer,Office,South,1.0,12752.31,0.1,11477.079,12752.31,1275.231,2025-03
ORD10278,2025-01-20,Customer_075,Laptop,Electronics,East,1.0,78558.02,0.0,78558.02,78558.02,0.0,2025-01
ORD10279,2025-07-05,Customer_004,Usb Hub,Accessories,Central,3.0,1440.64,0.1,3889.728,4321.92,432.192,2025-07
ORD10280,2025-06-03,Customer_037,Laptop,Electronics,Central,2.0,80117.99,0.0,160235.98,160235.98,0.0,2025-06
ORD10281,2025-09-17,Customer_060,Smartphone,Electronics,North,1.0,24810.49,0.0,24810.49,24810.49,0.0,2025-09
ORD10282,2025-08-09,Customer_014,Smartphone,Electronics,East,1.0,37127.99,0.15,31558.7915,37127.99,5569.1984999999995,2025-08
ORD10283,2025-09-11,Customer_024,External Ssd,Storage,South,1.0,12539.79,0.1,11285.811000000002,12539.79,1253.9790000000003,2025-09
ORD10284,2025-07-30,Customer_022,Gaming Mouse,Gaming,Central,2.0,3368.8,0.0,6737.6,6737.6,0.0,2025-07
ORD10285,2025-07-11,Customer_019,Headphones,Accessories,Central,3.0,11805.27,0.0,35415.81,35415.81,0.0,2025-07
ORD10286,2025-05-26,Customer_063,Keyboard,Accessories,West,1.0,1618.94,0.05,1537.993,1618.94,80.947,2025-05
ORD10287,2025-04-28,Customer_045,Laptop,Electronics,North,1.0,81061.51,0.1,72955.359,81061.51,8106.151,2025-04
ORD10288,2025-07-17,Customer_047,Laptop,Electronics,West,2.0,73627.98,0.1,132530.364,147255.96,14725.596,2025-07
ORD10289,2025-03-02,Customer_010,Tablet,Electronics,South,1.0,30871.78,0.1,27784.602,30871.78,3087.178,2025-03
ORD10290,2025-04-28,Customer_070,Mechanical Keyboard,Gaming,North,1.0,7051.64,0.1,6346.476000000001,7051.64,705.1640000000001,2025-04
ORD10291,2025-02-04,Customer_046,Smartphone,Electronics,South,4.0,58042.01,0.0,232168.04,232168.04,0.0,2025-02
ORD10292,2025-02-18,Customer_021,Keyboard,Accessories,South,4.0,3057.41,0.0,12229.64,12229.64,0.0,2025-02
ORD10293,2025-05-06,Customer_039,External Ssd,Storage,South,4.0,14178.25,0.1,51041.7,56713.0,5671.3,2025-05
ORD10294,2025-07-01,Customer_046,Webcam,Accessories,West,4.0,5791.17,0.0,23164.68,23164.68,0.0,2025-07
ORD10295,2025-02-05,Customer_085,Gaming Mouse,Gaming,West,1.0,2535.23,0.15,2154.9455,2535.23,380.2845,2025-02
ORD10296,2025-08-08,Customer_014,Headphones,Accessories,South,1.0,1591.91,0.05,1512.3145,1591.91,79.59550000000002,2025-08
ORD10297,2025-07-24,Customer_070,Monitor,Electronics,West,1.0,24947.36,0.05,23699.992000000002,24947.36,1247.3680000000002,2025-07
ORD10298,2025-09-07,Customer_057,Headphones,Accessories,Central,1.0,10413.37,0.0,10413.37,10413.37,0.0,2025-09
ORD10299,2025-05-07,Customer_015,Usb Hub,Accessories,South,2.0,1322.19,0.05,2512.161,2644.38,132.21900000000002,2025-05
ORD10300,2025-07-18,Customer_021,Printer,Office,South,3.0,16418.09,0.0,49254.270000000004,49254.270000000004,0.0,2025-07
ORD10301,2025-06-14,Customer_058,Usb Hub,Accessories,Central,3.0,2075.43,0.1,5603.660999999999,6226.289999999999,622.6289999999999,2025-06
ORD10302,2025-06-10,Customer_050,Laptop,Electronics,Central,1.0,74437.86,0.0,74437.86,74437.86,0.0,2025-06
ORD10303,2025-03-22,Customer_024,Speaker,Audio,Central,1.0,3633.22,0.15,3088.237,3633.22,544.983,2025-03
ORD10304,2025-03-27,Customer_049,Gaming Mouse,Gaming,North,1.0,2556.31,0.1,2300.679,2556.31,255.631,2025-03
ORD10305,2025-01-05,Customer_002,Printer,Office,North,2.0,10296.79,0.15,17504.543,20593.58,3089.0370000000003,2025-01
ORD10306,2025-05-05,Customer_039,Keyboard,Accessories,West,2.0,1994.43,0.05,3789.417,3988.86,199.443,2025-05
ORD10307,2025-05-18,Customer_099,Monitor,Electronics,East,1.0,19762.56,0.15,16798.176,19762.56,2964.384,2025-05
ORD10308,2025-01-20,Customer_026,Smartphone,Electronics,West,3.0,26075.01,0.05,74313.7785,78225.03,3911.2515000000003,2025-01
ORD10309,2025-08-01,Customer_079,Gaming Mouse,Gaming,West,3.0,3029.48,0.0,9088.44,9088.44,0.0,2025-08
ORD10310,2025-02-27,Customer_028,Gaming Mouse,Gaming,South,4.0,1879.06,0.05,7140.428,7516.24,375.812,2025-02
ORD10311,2025-02-13,Customer_097,Usb Hub,Accessories,South,2.0,1605.03,0.0,3210.06,3210.06,0.0,2025-02
ORD10312,2025-03-30,Customer_050,Speaker,Audio,East,2.0,2396.53,0.1,4313.754000000001,4793.06,479.30600000000004,2025-03
ORD10313,2025-03-15,Customer_008,Laptop,Electronics,West,3.0,88401.45,0.0,265204.35,265204.35,0.0,2025-03
ORD10314,2025-02-24,Customer_009,Smartwatch,Wearables,South,3.0,11452.7,0.1,30922.290000000005,34358.100000000006,3435.810000000001,2025-02
ORD10315,2025-09-20,Customer_080,External Ssd,Storage,East,1.0,14046.69,0.1,12642.021,14046.69,1404.669,2025-09
ORD10316,2025-08-08,Customer_001,Usb Hub,Accessories,Central,1.0,2294.37,0.0,2294.37,2294.37,0.0,2025-08
ORD10317,2025-09-03,Customer_019,Gaming Mouse,Gaming,North,3.0,4263.55,0.05,12151.117500000002,12790.650000000001,639.5325000000001,2025-09
ORD10318,2025-03-04,Customer_021,Power Bank,Accessories,Central,3.0,2466.14,0.2,5918.736,7398.42,1479.6840000000002,2025-03
ORD10319,2025-02-28,Customer_027,Tablet,Electronics,Central,1.0,44903.58,0.2,35922.864,44903.58,8980.716,2025-02
ORD10320,2025-06-03,Customer_005,Monitor,Electronics,East,2.0,20075.39,0.1,36135.702,40150.78,4015.078,2025-06
ORD10321,2025-05-14,Customer_083,External Ssd,Storage,West,1.0,16156.3,0.15,13732.855,16156.3,2423.4449999999997,2025-05
ORD10322,2025-08-01,Customer_088,Usb Hub,Accessories,South,1.0,1442.34,0.15,1225.989,1442.34,216.35099999999997,2025-08
ORD10323,2025-06-05,Customer_090,Monitor,Electronics,North,3.0,27476.26,0.1,74185.902,82428.78,8242.878,2025-06
ORD10324,2025-03-16,Customer_057,Tablet,Electronics,North,1.0,16685.08,0.05,15850.826000000001,16685.08,834.2540000000001,2025-03
ORD10325,2025-07-31,Customer_016,Webcam,Accessories,South,3.0,4092.08,0.2,9820.992,12276.24,2455.248,2025-07
ORD10326,2025-07-20,Customer_020,Tablet,Electronics,West,1.0,34648.8,0.0,34648.8,34648.8,0.0,2025-07
ORD10327,2025-03-08,Customer_004,Speaker,Audio,South,5.0,2117.7,0.0,10588.5,10588.5,0.0,2025-03
ORD10328,2025-08-15,Customer_057,Tablet,Electronics,Central,2.0,22075.25,0.0,44150.5,44150.5,0.0,2025-08
ORD10329,2025-02-08,Customer_009,Monitor,Electronics,East,1.0,24944.22,0.15,21202.587,24944.22,3741.633,2025-02
ORD10330,2025-05-14,Customer_091,Headphones,Accessories,East,1.0,10907.55,0.1,9816.795,10907.55,1090.7549999999999,2025-05
ORD10331,2025-04-10,Customer_072,Monitor,Electronics,East,1.0,18388.17,0.05,17468.761499999997,18388.17,919.4085,2025-04
ORD10332,2025-09-27,Customer_026,Smartwatch,Wearables,North,1.0,14936.49,0.05,14189.6655,14936.49,746.8245000000001,2025-09
ORD10333,2025-07-20,Customer_028,Laptop,Electronics,West,1.0,85984.66,0.1,77386.194,85984.66,8598.466,2025-07
ORD10334,2025-05-04,Customer_019,Printer,Office,West,5.0,17805.55,0.1,80124.975,89027.75,8902.775,2025-05
ORD10335,2025-09-22,Customer_064,Headphones,Accessories,North,1.0,8799.81,0.1,7919.829,8799.81,879.981,2025-09
ORD10336,2025-08-15,Customer_059,Smartphone,Electronics,North,2.0,31569.59,0.1,56825.262,63139.18,6313.918000000001,2025-08
ORD10337,2025-05-05,Customer_086,Printer,Office,North,1.0,23155.0,0.15,19681.75,23155.0,3473.25,2025-05
ORD10338,2025-03-03,Customer_048,Laptop,Electronics,West,5.0,73177.93,0.1,329300.68499999994,365889.64999999997,36588.965,2025-03
ORD10339,2025-09-12,Customer_021,Usb Hub,Accessories,Central,2.0,2490.88,0.15,4234.496,4981.76,747.264,2025-09
ORD10340,2025-07-20,Customer_061,External Ssd,Storage,North,1.0,7862.93,0.05,7469.7835000000005,7862.93,393.14650000000006,2025-07
ORD10341,2025-03-06,Customer_008,Smartwatch,Wearables,Central,2.0,15353.95,0.15,26101.715,30707.9,4606.185,2025-03
ORD10342,2025-06-23,Customer_047,Smartwatch,Wearables,North,2.0,3774.21,0.15,6416.157,7548.42,1132.263,2025-06
ORD10343,2025-01-21,Customer_051,Smartphone,Electronics,West,1.0,24065.36,0.0,24065.36,24065.36,0.0,2025-01
ORD10344,2025-01-28,Customer_004,Headphones,Accessories,West,3.0,8107.74,0.1,21890.898,24323.22,2432.322,2025-01
ORD10345,2025-06-11,Customer_091,Speaker,Audio,North,2.0,7043.91,0.2,11270.256,14087.82,2817.5640000000003,2025-06
ORD10346,2025-06-02,Customer_082,Mechanical Keyboard,Gaming,North,2.0,6621.68,0.0,13243.36,13243.36,0.0,2025-06
ORD10347,2025-04-03,Customer_099,Webcam,Accessories,East,1.0,4822.39,0.15,4099.0315,4822.39,723.3585,2025-04
ORD10348,2025-07-08,Customer_049,Tablet,Electronics,North,2.0,27651.52,0.1,49772.736000000004,55303.04,5530.304,2025-07
ORD10349,2025-03-31,Customer_039,Headphones,Accessories,Central,1.0,1596.59,0.0,1596.59,1596.59,0.0,2025-03
ORD10350,2025-08-21,Customer_009,External Ssd,Storage,Central,2.0,7840.63,0.05,14897.197,15681.26,784.0630000000001,2025-08
ORD10351,2025-02-28,Customer_039,Webcam,Accessories,North,1.0,6000.14,0.1,5400.126,6000.14,600.014,2025-02
ORD10352,2025-05-07,Customer_046,Smartwatch,Wearables,Central,1.0,12969.01,0.0,12969.01,12969.01,0.0,2025-05
ORD10353,2025-04-19,Customer_012,Monitor,Electronics,Central,1.0,17858.39,0.05,16965.4705,17858.39,892.9195,2025-04
ORD10354,2025-09-07,Customer_069,External Ssd,Storage,North,1.0,15709.27,0.2,12567.416000000001,15709.27,3141.8540000000003,2025-09
ORD10355,2025-08-03,Customer_049,Laptop,Electronics,West,2.0,47301.09,0.05,89872.071,94602.18,4730.1089999999995,2025-08
ORD10356,2025-05-07,Customer_036,Smartphone,Electronics,South,2.0,21296.82,0.05,40463.958,42593.64,2129.6820000000002,2025-05
ORD10357,2025-04-23,Customer_097,Laptop,Electronics,West,1.0,71834.47,0.1,64651.023,71834.47,7183.447,2025-04
ORD10358,2025-04-15,Customer_074,Mechanical Keyboard,Gaming,South,1.0,4806.01,0.15,4085.1085000000003,4806.01,720.9015,2025-04
ORD10359,2025-02-20,Customer_073,External Ssd,Storage,North,4.0,12783.0,0.1,46018.8,51132.0,5113.200000000001,2025-02
ORD10360,2025-04-27,Customer_002,Keyboard,Accessories,Central,1.0,1181.18,0.1,1063.0620000000001,1181.18,118.11800000000001,2025-04
ORD10361,2025-03-22,Customer_041,Keyboard,Accessories,West,1.0,2195.11,0.0,2195.11,2195.11,0.0,2025-03
ORD10362,2025-08-01,Customer_062,Usb Hub,Accessories,North,1.0,1472.0,0.1,1324.8,1472.0,147.20000000000002,2025-08
ORD10363,2025-04-17,Customer_018,Headphones,Accessories,West,1.0,6239.36,0.15,5303.456,6239.36,935.9039999999999,2025-04
ORD10364,2025-05-02,Customer_030,Smartwatch,Wearables,West,2.0,6768.41,0.05,12859.979,13536.82,676.841,2025-05
ORD10365,2025-06-21,Customer_079,Smartwatch,Wearables,North,1.0,8455.71,0.05,8032.924499999999,8455.71,422.78549999999996,2025-06
ORD10366,2025-04-28,Customer_100,Tablet,Electronics,West,2.0,22522.61,0.1,40540.698000000004,45045.22,4504.522,2025-04
ORD10367,2025-01-07,Customer_068,Tablet,Electronics,Central,2.0,24360.25,0.0,48720.5,48720.5,0.0,2025-01
ORD10368,2025-06-06,Customer_074,Tablet,Electronics,West,4.0,23413.96,0.0,93655.84,93655.84,0.0,2025-06
ORD10369,2025-05-06,Customer_011,Monitor,Electronics,North,1.0,9140.92,0.05,8683.874,9140.92,457.04600000000005,2025-05
ORD10370,2025-06-25,Customer_056,Printer,Office,West,1.0,22095.65,0.1,19886.085000000003,22095.65,2209.565,2025-06
ORD10371,2025-03-08,Customer_075,Gaming Mouse,Gaming,Central,2.0,1331.56,0.0,2663.12,2663.12,0.0,2025-03
ORD10372,2025-08-22,Customer_051,Printer,Office,South,1.0,6740.92,0.0,6740.92,6740.92,0.0,2025-08
ORD10373,2025-05-02,Customer_037,Laptop,Electronics,South,1.0,51617.78,0.05,49036.890999999996,51617.78,2580.889,2025-05
ORD10374,2025-07-20,Customer_029,Printer,Office,Central,1.0,15006.12,0.05,14255.814,15006.12,750.306,2025-07
ORD10375,2025-08-12,Customer_022,Monitor,Electronics,West,2.0,12183.27,0.0,24366.54,24366.54,0.0,2025-08
ORD10376,2025-02-11,Customer_098,Usb Hub,Accessories,Central,5.0,1455.76,0.1,6550.92,7278.8,727.8800000000001,2025-02
ORD10377,2025-01-21,Customer_044,Laptop,Electronics,East,1.0,47594.14,0.05,45214.433,47594.14,2379.707,2025-01
ORD10378,2025-05-05,Customer_099,Printer,Office,Central,2.0,12598.26,0.1,22676.868000000002,25196.52,2519.652,2025-05
ORD10379,2025-09-30,Customer_099,Monitor,Electronics,West,2.0,19266.85,0.05,36607.015,38533.7,1926.685,2025-09
ORD10380,2025-06-14,Customer_085,Gaming Mouse,Gaming,West,1.0,2235.87,0.1,2012.283,2235.87,223.587,2025-06
ORD10381,2025-03-05,Customer_091,Printer,Office,Central,3.0,19506.81,0.15,49742.36550000001,58520.43000000001,8778.0645,2025-03
ORD10382,2025-09-03,Customer_021,Monitor,Electronics,East,2.0,16422.68,0.05,31203.092,32845.36,1642.268,2025-09
ORD10383,2025-02-15,Customer_012,Mechanical Keyboard,Gaming,North,2.0,2875.32,0.1,5175.576,5750.64,575.0640000000001,2025-02
ORD10384,2025-03-11,Customer_055,Tablet,Electronics,South,4.0,28925.78,0.0,115703.12,115703.12,0.0,2025-03
ORD10385,2025-07-22,Customer_064,Mechanical Keyboard,Gaming,North,2.0,5895.89,0.1,10612.602,11791.78,1179.178,2025-07
ORD10386,2025-08-07,Customer_082,Smartwatch,Wearables,West,1.0,13748.61,0.15,11686.318500000001,13748.61,2062.2915,2025-08
ORD10387,2025-06-12,Customer_048,Tablet,Electronics,North,3.0,37229.42,0.1,100519.434,111688.26,11168.826000000001,2025-06
ORD10388,2025-08-13,Customer_096,Smartwatch,Wearables,East,1.0,2549.1,0.1,2294.19,2549.1,254.91,2025-08
ORD10389,2025-07-08,Customer_031,Power Bank,Accessories,South,1.0,1693.75,0.0,1693.75,1693.75,0.0,2025-07
ORD10390,2025-02-23,Customer_010,Smartphone,Electronics,South,2.0,52824.71,0.1,95084.478,105649.42,10564.942000000001,2025-02
ORD10391,2025-06-18,Customer_024,Mechanical Keyboard,Gaming,East,2.0,6689.06,0.15,11371.402,13378.12,2006.718,2025-06
ORD10392,2025-01-19,Customer_008,Smartphone,Electronics,South,1.0,67659.64,0.0,67659.64,67659.64,0.0,2025-01
ORD10393,2025-03-06,Customer_036,Smartphone,Electronics,North,3.0,31204.07,0.0,93612.20999999999,93612.20999999999,0.0,2025-03
ORD10394,2025-05-16,Customer_005,Gaming Mouse,Gaming,West,2.0,1183.02,0.0,2366.04,2366.04,0.0,2025-05
ORD10395,2025-07-13,Customer_063,Tablet,Electronics,North,2.0,37281.83,0.15,63379.111000000004,74563.66,11184.549,2025-07
ORD10396,2025-03-16,Customer_099,Power Bank,Accessories,East,3.0,1769.04,0.1,4776.407999999999,5307.12,530.712,2025-03
ORD10397,2025-02-14,Customer_061,Smartwatch,Wearables,East,2.0,11444.13,0.1,20599.433999999997,22888.26,2288.826,2025-02
ORD10398,2025-06-11,Customer_016,Monitor,Electronics,West,2.0,15290.88,0.0,30581.76,30581.76,0.0,2025-06
ORD10399,2025-08-03,Customer_078,Laptop,Electronics,East,1.0,76954.95,0.1,69259.455,76954.95,7695.495,2025-08
ORD10400,2025-08-21,Customer_030,Monitor,Electronics,Central,1.0,21248.41,0.15,18061.1485,21248.41,3187.2615,2025-08
ORD10401,2025-08-02,Customer_031,Laptop,Electronics,North,1.0,54658.26,0.05,51925.347,54658.26,2732.9130000000005,2025-08
ORD10402,2025-02-23,Customer_052,Mechanical Keyboard,Gaming,West,3.0,8135.07,0.05,23184.9495,24405.21,1220.2605,2025-02
ORD10403,2025-02-22,Customer_024,Keyboard,Accessories,West,2.0,1377.41,0.1,2479.338,2754.82,275.482,2025-02
ORD10404,2025-04-29,Customer_031,Monitor,Electronics,South,1.0,25282.27,0.05,24018.1565,25282.27,1264.1135000000002,2025-04
ORD10405,2025-07-23,Customer_049,Printer,Office,North,1.0,17961.6,0.0,17961.6,17961.6,0.0,2025-07
ORD10406,2025-04-06,Customer_086,Printer,Office,North,1.0,15711.45,0.0,15711.45,15711.45,0.0,2025-04
ORD10407,2025-06-06,Customer_028,Headphones,Accessories,East,1.0,10264.86,0.0,10264.86,10264.86,0.0,2025-06
ORD10408,2025-06-11,Customer_044,Tablet,Electronics,West,3.0,16287.69,0.1,43976.763,48863.07,4886.307,2025-06
ORD10409,2025-06-26,Customer_070,Laptop,Electronics,West,3.0,85134.25,0.05,242632.6125,255402.75,12770.1375,2025-06
ORD10410,2025-08-05,Customer_055,Laptop,Electronics,South,2.0,50221.02,0.0,100442.04,100442.04,0.0,2025-08
ORD10411,2025-04-11,Customer_033,External Ssd,Storage,West,1.0,8305.01,0.15,7059.2585,8305.01,1245.7515,2025-04
ORD10412,2025-07-20,Customer_021,Usb Hub,Accessories,West,1.0,1852.22,0.15,1574.3870000000002,1852.22,277.83299999999997,2025-07
ORD10413,2025-04-11,Customer_048,Tablet,Electronics,West,3.0,33256.92,0.0,99770.76,99770.76,0.0,2025-04
ORD10414,2025-09-13,Customer_078,Gaming Mouse,Gaming,East,4.0,2851.47,0.0,11405.88,11405.88,0.0,2025-09
ORD10415,2025-07-29,Customer_013,Headphones,Accessories,West,1.0,1765.43,0.1,1588.8870000000002,1765.43,176.543,2025-07
ORD10416,2025-04-10,Customer_087,Gaming Mouse,Gaming,Central,3.0,1769.18,0.1,4776.786,5307.54,530.754,2025-04
ORD10417,2025-01-03,Customer_028,Mechanical Keyboard,Gaming,West,1.0,5065.77,0.15,4305.904500000001,5065.77,759.8655,2025-01
ORD10418,2025-03-06,Customer_100,Mechanical Keyboard,Gaming,Central,1.0,6934.26,0.05,6587.5470000000005,6934.26,346.713,2025-03
ORD10419,2025-04-28,Customer_054,Gaming Mouse,Gaming,South,1.0,2407.92,0.0,2407.92,2407.92,0.0,2025-04
ORD10420,2025-01-13,Customer_037,Gaming Mouse,Gaming,South,2.0,1309.45,0.1,2357.01,2618.9,261.89000000000004,2025-01
ORD10421,2025-04-21,Customer_017,Power Bank,Accessories,West,1.0,1285.54,0.05,1221.263,1285.54,64.277,2025-04
ORD10422,2025-08-16,Customer_060,Tablet,Electronics,South,2.0,12327.49,0.05,23422.231,24654.98,1232.749,2025-08
ORD10423,2025-06-24,Customer_081,Gaming Mouse,Gaming,West,2.0,2178.64,0.1,3921.5519999999997,4357.28,435.728,2025-06
ORD10424,2025-07-06,Customer_047,Printer,Office,North,5.0,8385.45,0.0,41927.25,41927.25,0.0,2025-07
ORD10425,2025-06-02,Customer_033,Usb Hub,Accessories,South,1.0,1031.17,0.0,1031.17,1031.17,0.0,2025-06
ORD10426,2025-07-27,Customer_043,Usb Hub,Accessories,Central,1.0,1783.72,0.1,1605.348,1783.72,178.372,2025-07
ORD10427,2025-06-09,Customer_075,Smartphone,Electronics,North,2.0,68580.69,0.15,116587.17300000001,137161.38,20574.207,2025-06
ORD10428,2025-02-28,Customer_004,Keyboard,Accessories,East,2.0,1515.2,0.0,3030.4,3030.4,0.0,2025-02
ORD10429,2025-07-24,Customer_079,Mechanical Keyboard,Gaming,West,3.0,8592.96,0.1,23200.992,25778.879999999997,2577.888,2025-07
ORD10430,2025-04-29,Customer_005,Laptop,Electronics,West,2.0,47603.0,0.2,76164.8,95206.0,19041.2,2025-04
ORD10431,2025-08-21,Customer_017,External Ssd,Storage,East,2.0,17515.99,0.0,35031.98,35031.98,0.0,2025-08
ORD10432,2025-01-25,Customer_010,Speaker,Audio,East,3.0,6767.74,0.15,17257.737,20303.22,3045.483,2025-01
ORD10433,2025-03-09,Customer_095,Laptop,Electronics,West,2.0,51613.32,0.15,87742.644,103226.64,15483.996,2025-03
ORD10434,2025-04-12,Customer_088,Keyboard,Accessories,West,2.0,2967.61,0.15,5044.937,5935.22,890.283,2025-04
ORD10435,2025-08-29,Customer_005,External Ssd,Storage,West,2.0,5788.18,0.1,10418.724,11576.36,1157.6360000000002,2025-08
ORD10436,2025-08-14,Customer_015,Power Bank,Accessories,Central,2.0,2287.79,0.0,4575.58,4575.58,0.0,2025-08
ORD10437,2025-03-03,Customer_086,Tablet,Electronics,South,4.0,43756.24,0.1,157522.46399999998,175024.96,17502.496,2025-03
ORD10438,2025-01-03,Customer_094,Monitor,Electronics,Central,2.0,12786.47,0.05,24294.292999999998,25572.94,1278.647,2025-01
ORD10439,2025-07-28,Customer_075,Tablet,Electronics,Central,2.0,41623.26,0.1,74921.868,83246.52,8324.652,2025-07
ORD10440,2025-06-18,Customer_016,Laptop,Electronics,West,2.0,62633.62,0.1,112740.516,125267.24,12526.724000000002,2025-06
ORD10441,2025-03-31,Customer_062,Laptop,Electronics,North,5.0,89766.87,0.1,403950.915,448834.35,44883.435,2025-03
ORD10442,2025-06-03,Customer_006,External Ssd,Storage,West,1.0,10966.53,0.15,9321.550500000001,10966.53,1644.9795000000001,2025-06
ORD10443,2025-09-30,Customer_043,External Ssd,Storage,Central,3.0,14517.59,0.05,41375.1315,43552.770000000004,2177.6385000000005,2025-09
ORD10444,2025-01-08,Customer_094,Mechanical Keyboard,Gaming,West,5.0,8785.84,0.05,41732.74,43929.2,2196.46,2025-01
ORD10445,2025-07-06,Customer_084,Power Bank,Accessories,South,1.0,2885.91,0.1,2597.319,2885.91,288.591,2025-07
ORD10446,2025-03-15,Customer_036,Mechanical Keyboard,Gaming,Central,3.0,5742.82,0.0,17228.46,17228.46,0.0,2025-03
ORD10447,2025-08-04,Customer_042,Keyboard,Accessories,West,1.0,2245.57,0.15,1908.7345,2245.57,336.8355,2025-08
ORD10448,2025-04-11,Customer_027,Gaming Mouse,Gaming,North,1.0,3010.2,0.15,2558.67,3010.2,451.53,2025-04
ORD10449,2025-08-16,Customer_009,Tablet,Electronics,East,1.0,41523.21,0.0,41523.21,41523.21,0.0,2025-08
ORD10450,2025-08-29,Customer_067,External Ssd,Storage,West,5.0,11430.78,0.1,51438.51,57153.9,5715.39,2025-08
ORD10451,2025-04-01,Customer_090,Smartwatch,Wearables,North,1.0,3005.58,0.0,3005.58,3005.58,0.0,2025-04
ORD10452,2025-04-01,Customer_082,Keyboard,Accessories,West,3.0,1402.8,0.1,3787.5599999999995,4208.4,420.84,2025-04
ORD10453,2025-04-26,Customer_087,Printer,Office,South,3.0,23142.49,0.15,59013.349500000004,69427.47,10414.120499999999,2025-04
ORD10454,2025-07-12,Customer_017,Power Bank,Accessories,South,3.0,3230.49,0.0,9691.47,9691.47,0.0,2025-07
ORD10455,2025-09-13,Customer_011,Laptop,Electronics,East,2.0,55120.06,0.05,104728.114,110240.12,5512.006,2025-09
ORD10456,2025-04-19,Customer_060,Mechanical Keyboard,Gaming,South,2.0,4621.2,0.15,7856.04,9242.4,1386.36,2025-04
ORD10457,2025-03-25,Customer_015,Keyboard,Accessories,South,4.0,1874.45,0.1,6748.02,7497.8,749.7800000000001,2025-03
ORD10458,2025-05-27,Customer_046,Speaker,Audio,West,1.0,6524.61,0.0,6524.61,6524.61,0.0,2025-05
ORD10459,2025-07-14,Customer_024,Tablet,Electronics,East,2.0,24023.69,0.05,45645.011,48047.38,2402.369,2025-07
ORD10460,2025-01-24,Customer_024,External Ssd,Storage,South,3.0,9318.48,0.1,25159.896,27955.44,2795.544,2025-01
ORD10461,2025-06-30,Customer_023,Laptop,Electronics,Central,3.0,68204.67,0.05,194383.3095,204614.01,10230.7005,2025-06
ORD10462,2025-09-06,Customer_060,Monitor,Electronics,Central,1.0,11685.2,0.1,10516.68,11685.2,1168.5200000000002,2025-09
ORD10463,2025-03-26,Customer_061,Speaker,Audio,West,3.0,3204.76,0.0,9614.28,9614.28,0.0,2025-03
ORD10464,2025-02-07,Customer_036,Power Bank,Accessories,North,1.0,904.57,0.1,814.113,904.57,90.45700000000001,2025-02
ORD10465,2025-07-09,Customer_025,Keyboard,Accessories,East,3.0,1883.36,0.05,5367.576,5650.08,282.504,2025-07
ORD10466,2025-02-16,Customer_100,Headphones,Accessories,Central,1.0,2553.85,0.05,2426.1575,2553.85,127.6925,2025-02
ORD10467,2025-07-21,Customer_032,Laptop,Electronics,East,2.0,51732.07,0.05,98290.933,103464.14,5173.207,2025-07
ORD10468,2025-01-10,Customer_086,Tablet,Electronics,North,1.0,29080.68,0.05,27626.646,29080.68,1454.034,2025-01
ORD10469,2025-05-03,Customer_021,Smartphone,Electronics,Central,1.0,67206.47,0.1,60485.823000000004,67206.47,6720.647000000001,2025-05
ORD10470,2025-03-22,Customer_088,Smartwatch,Wearables,South,1.0,10464.74,0.1,9418.266,10464.74,1046.474,2025-03
ORD10471,2025-01-01,Customer_023,Webcam,Accessories,South,2.0,5428.8,0.05,10314.720000000001,10857.6,542.88,2025-01
ORD10472,2025-09-08,Customer_041,Speaker,Audio,Central,3.0,8824.37,0.05,25149.4545,26473.11,1323.6555,2025-09
ORD10473,2025-09-02,Customer_003,Gaming Mouse,Gaming,North,1.0,1774.91,0.1,1597.419,1774.91,177.491,2025-09
ORD10474,2025-07-02,Customer_064,Webcam,Accessories,North,3.0,5498.81,0.1,14846.787,16496.43,1649.643,2025-07
ORD10475,2025-05-08,Customer_068,Tablet,Electronics,South,1.0,27922.51,0.1,25130.259,27922.51,2792.251,2025-05
ORD10476,2025-03-19,Customer_058,Printer,Office,North,1.0,20861.25,0.0,20861.25,20861.25,0.0,2025-03
ORD10477,2025-06-17,Customer_083,Mechanical Keyboard,Gaming,Central,5.0,5344.8,0.0,26724.0,26724.0,0.0,2025-06
ORD10478,2025-01-13,Customer_064,Printer,Office,East,2.0,19650.62,0.15,33406.054,39301.24,5895.186,2025-01
ORD10479,2025-03-30,Customer_020,Smartphone,Electronics,West,5.0,27470.01,0.15,116747.5425,137350.05,20602.507499999996,2025-03
ORD10480,2025-01-07,Customer_078,Speaker,Audio,East,2.0,4190.67,0.15,7124.139,8381.34,1257.201,2025-01
ORD10481,2025-05-04,Customer_097,Gaming Mouse,Gaming,North,3.0,4925.81,0.1,13299.687,14777.43,1477.7430000000002,2025-05
ORD10482,2025-05-20,Customer_017,Headphones,Accessories,North,1.0,5419.37,0.0,5419.37,5419.37,0.0,2025-05
ORD10483,2025-02-28,Customer_033,Smartphone,Electronics,South,2.0,63289.15,0.1,113920.47,126578.3,12657.830000000002,2025-02
ORD10484,2025-02-16,Customer_039,Speaker,Audio,West,2.0,7326.27,0.05,13919.913,14652.54,732.6270000000001,2025-02
ORD10485,2025-08-03,Customer_014,Usb Hub,Accessories,East,5.0,2069.72,0.1,9313.739999999998,10348.599999999999,1034.86,2025-08
ORD10486,2025-07-21,Customer_057,Webcam,Accessories,South,3.0,4806.06,0.2,11534.544,14418.18,2883.6360000000004,2025-07
ORD10487,2025-02-27,Customer_069,Smartphone,Electronics,West,2.0,68740.73,0.0,137481.46,137481.46,0.0,2025-02
ORD10488,2025-08-07,Customer_049,Webcam,Accessories,West,1.0,5558.37,0.1,5002.532999999999,5558.37,555.837,2025-08
ORD10489,2025-07-27,Customer_002,Laptop,Electronics,West,1.0,72246.72,0.1,65022.048,72246.72,7224.6720000000005,2025-07
ORD10490,2025-08-07,Customer_029,Printer,Office,West,2.0,19105.8,0.0,38211.6,38211.6,0.0,2025-08
ORD10491,2025-03-25,Customer_099,Laptop,Electronics,South,1.0,49143.01,0.1,44228.709,49143.01,4914.301,2025-03
ORD10492,2025-07-26,Customer_027,Smartwatch,Wearables,South,1.0,2734.22,0.2,2187.3759999999997,2734.22,546.8439999999999,2025-07
ORD10493,2025-04-10,Customer_059,Usb Hub,Accessories,West,2.0,1844.11,0.1,3319.3979999999997,3688.22,368.822,2025-04
ORD10494,2025-09-23,Customer_053,Gaming Mouse,Gaming,East,1.0,1613.73,0.0,1613.73,1613.73,0.0,2025-09
ORD10495,2025-04-08,Customer_030,Headphones,Accessories,North,3.0,10736.33,0.0,32208.989999999998,32208.989999999998,0.0,2025-04
ORD10496,2025-01-07,Customer_049,Power Bank,Accessories,North,1.0,2845.21,0.05,2702.9495,2845.21,142.2605,2025-01
ORD10497,2025-08-25,Customer_046,Webcam,Accessories,South,2.0,6766.7,0.05,12856.73,13533.4,676.6700000000001,2025-08
ORD10498,2025-02-23,Customer_050,Headphones,Accessories,East,3.0,3518.41,0.1,9499.707,10555.23,1055.523,2025-02
ORD10499,2025-09-28,Customer_004,Webcam,Accessories,Central,4.0,1963.66,0.15,6676.444,7854.64,1178.196,2025-09
ORD10500,2025-09-30,Customer_043,Tablet,Electronics,North,2.0,26466.7,0.2,42346.72,52933.4,10586.68,2025-09
ORD10501,2025-02-08,Customer_023,Smartphone,Electronics,West,2.0,53547.72,0.0,107095.44,107095.44,0.0,2025-02
ORD10502,2025-03-10,Customer_043,Smartwatch,Wearables,South,1.0,6349.83,0.0,6349.83,6349.83,0.0,2025-03
ORD10503,2025-06-10,Customer_075,Printer,Office,South,1.0,14719.87,0.1,13247.883000000002,14719.87,1471.987,2025-06
ORD10504,2025-05-07,Customer_019,Power Bank,Accessories,West,1.0,1932.41,0.15,1642.5485,1932.41,289.8615,2025-05
ORD10505,2025-04-01,Customer_008,External Ssd,Storage,East,4.0,12075.3,0.0,48301.2,48301.2,0.0,2025-04
ORD10506,2025-04-17,Customer_089,Webcam,Accessories,North,3.0,3851.23,0.0,11553.69,11553.69,0.0,2025-04
ORD10507,2025-02-25,Customer_059,Headphones,Accessories,Central,4.0,11084.78,0.15,37688.252,44339.12,6650.868,2025-02
ORD10508,2025-08-18,Customer_040,Smartwatch,Wearables,West,1.0,16042.71,0.1,14438.438999999998,16042.71,1604.271,2025-08
ORD10509,2025-01-18,Customer_098,Monitor,Electronics,East,2.0,12032.14,0.1,21657.852,24064.28,2406.428,2025-01
ORD10510,2025-05-15,Customer_061,Power Bank,Accessories,East,2.0,1523.41,0.1,2742.138,3046.82,304.682,2025-05
ORD10511,2025-01-03,Customer_078,Monitor,Electronics,South,2.0,28469.32,0.0,56938.64,56938.64,0.0,2025-01
ORD10512,2025-05-13,Customer_074,Laptop,Electronics,West,1.0,86581.21,0.0,86581.21,86581.21,0.0,2025-05
ORD10513,2025-03-25,Customer_083,Printer,Office,East,2.0,22752.12,0.15,38678.604,45504.24,6825.6359999999995,2025-03
ORD10514,2025-08-22,Customer_023,Mechanical Keyboard,Gaming,North,3.0,2551.77,0.15,6507.013499999999,7655.3099999999995,1148.2965,2025-08
ORD10515,2025-06-02,Customer_055,Mechanical Keyboard,Gaming,Central,1.0,4799.63,0.15,4079.6855,4799.63,719.9445,2025-06
ORD10516,2025-04-07,Customer_085,External Ssd,Storage,Central,1.0,9607.52,0.1,8646.768,9607.52,960.7520000000001,2025-04
ORD10517,2025-05-30,Customer_041,Tablet,Electronics,Central,1.0,30261.25,0.1,27235.125,30261.25,3026.125,2025-05
ORD10518,2025-08-02,Customer_073,Headphones,Accessories,Central,2.0,10249.41,0.15,17423.997,20498.82,3074.823,2025-08
ORD10519,2025-04-22,Customer_023,Speaker,Audio,Central,2.0,4994.3,0.1,8989.74,9988.6,998.8600000000001,2025-04
ORD10520,2025-05-14,Customer_018,External Ssd,Storage,North,1.0,5025.9,0.1,4523.3099999999995,5025.9,502.59,2025-05
ORD10521,2025-05-02,Customer_010,Smartphone,Electronics,West,1.0,37781.05,0.1,34002.945,37781.05,3778.1050000000005,2025-05
ORD10522,2025-01-11,Customer_078,Smartphone,Electronics,East,2.0,21512.83,0.0,43025.66,43025.66,0.0,2025-01
ORD10523,2025-05-17,Customer_047,Headphones,Accessories,North,1.0,9293.42,0.1,8364.078,9293.42,929.3420000000001,2025-05
ORD10524,2025-06-24,Customer_065,Speaker,Audio,Central,2.0,6097.69,0.1,10975.841999999999,12195.38,1219.538,2025-06
ORD10525,2025-04-03,Customer_048,Gaming Mouse,Gaming,Central,2.0,2589.03,0.15,4401.351000000001,5178.06,776.7090000000001,2025-04
ORD10526,2025-05-08,Customer_088,Tablet,Electronics,South,2.0,28358.22,0.15,48208.974,56716.44,8507.466,2025-05
ORD10527,2025-01-07,Customer_058,Smartwatch,Wearables,North,2.0,4271.43,0.1,7688.5740000000005,8542.86,854.2860000000001,2025-01
ORD10528,2025-06-20,Customer_025,Webcam,Accessories,East,5.0,5770.69,0.1,25968.104999999996,28853.449999999997,2885.345,2025-06
ORD10529,2025-05-24,Customer_025,Speaker,Audio,West,2.0,6265.77,0.1,11278.386,12531.54,1253.1540000000002,2025-05
ORD10530,2025-03-27,Customer_080,Mechanical Keyboard,Gaming,North,2.0,7392.15,0.05,14045.085,14784.3,739.215,2025-03
ORD10531,2025-07-25,Customer_029,Power Bank,Accessories,East,2.0,1934.25,0.1,3481.65,3868.5,386.85,2025-07
ORD10532,2025-05-19,Customer_053,Gaming Mouse,Gaming,North,3.0,2558.73,0.05,7292.3805,7676.1900000000005,383.80950000000007,2025-05
ORD10533,2025-08-12,Customer_008,Webcam,Accessories,West,3.0,6459.76,0.0,19379.28,19379.28,0.0,2025-08
ORD10534,2025-04-26,Customer_057,Webcam,Accessories,North,1.0,5586.95,0.15,4748.9075,5586.95,838.0424999999999,2025-04
ORD10535,2025-01-20,Customer_064,Gaming Mouse,Gaming,Central,1.0,2439.42,0.15,2073.507,2439.42,365.913,2025-01
ORD10536,2025-07-01,Customer_078,Laptop,Electronics,East,2.0,59452.3,0.0,118904.6,118904.6,0.0,2025-07
ORD10537,2025-05-02,Customer_095,Monitor,Electronics,East,3.0,16864.09,0.05,48062.656500000005,50592.270000000004,2529.6135000000004,2025-05
ORD10538,2025-09-13,Customer_049,Webcam,Accessories,North,4.0,3585.75,0.15,12191.55,14343.0,2151.45,2025-09
ORD10539,2025-07-26,Customer_048,Gaming Mouse,Gaming,North,1.0,4198.43,0.1,3778.5870000000004,4198.43,419.8430000000001,2025-07
ORD10540,2025-07-28,Customer_099,Speaker,Audio,Central,2.0,5121.6,0.1,9218.880000000001,10243.2,1024.3200000000002,2025-07
ORD10541,2025-04-02,Customer_009,Gaming Mouse,Gaming,West,1.0,3824.27,0.05,3633.0565,3824.27,191.2135,2025-04
ORD10542,2025-03-05,Customer_090,Usb Hub,Accessories,West,1.0,817.36,0.05,776.492,817.36,40.868,2025-03
ORD10543,2025-06-19,Customer_061,External Ssd,Storage,Central,3.0,12041.4,0.1,32511.78,36124.2,3612.42,2025-06
ORD10544,2025-02-09,Customer_059,Keyboard,Accessories,South,3.0,1781.39,0.1,4809.753,5344.17,534.417,2025-02
ORD10545,2025-07-26,Customer_080,Laptop,Electronics,North,2.0,85852.73,0.1,154534.914,171705.46,17170.546,2025-07
ORD10546,2025-05-26,Customer_062,Printer,Office,North,2.0,8539.36,0.05,16224.784000000001,17078.72,853.9360000000001,2025-05
ORD10547,2025-06-15,Customer_067,Keyboard,Accessories,Central,1.0,2638.6,0.05,2506.67,2638.6,131.93,2025-06
ORD10548,2025-04-20,Customer_013,External Ssd,Storage,East,1.0,8503.65,0.0,8503.65,8503.65,0.0,2025-04
ORD10549,2025-07-26,Customer_004,External Ssd,Storage,West,2.0,8440.26,0.1,15192.468,16880.52,1688.0520000000001,2025-07
ORD10550,2025-09-14,Customer_037,External Ssd,Storage,Central,3.0,14721.9,0.0,44165.7,44165.7,0.0,2025-09
ORD10551,2025-04-30,Customer_046,Keyboard,Accessories,South,4.0,1381.51,0.1,4973.436,5526.04,552.604,2025-04
ORD10552,2025-08-20,Customer_029,Headphones,Accessories,Central,3.0,5833.04,0.0,17499.12,17499.12,0.0,2025-08
ORD10553,2025-07-01,Customer_038,Monitor,Electronics,East,3.0,26742.3,0.0,80226.9,80226.9,0.0,2025-07
ORD10554,2025-03-02,Customer_074,Gaming Mouse,Gaming,East,5.0,2239.22,0.1,10076.489999999998,11196.099999999999,1119.61,2025-03
ORD10555,2025-09-10,Customer_013,Power Bank,Accessories,North,5.0,1648.64,0.0,8243.2,8243.2,0.0,2025-09
ORD10556,2025-03-27,Customer_038,Monitor,Electronics,South,5.0,27725.93,0.15,117835.2025,138629.65,20794.4475,2025-03
ORD10557,2025-09-13,Customer_058,Mechanical Keyboard,Gaming,East,3.0,4508.21,0.0,13524.630000000001,13524.630000000001,0.0,2025-09
ORD10558,2025-01-25,Customer_068,Speaker,Audio,Central,4.0,5025.93,0.05,19098.534,20103.72,1005.1860000000001,2025-01
ORD10559,2025-03-02,Customer_043,Tablet,Electronics,North,2.0,36189.12,0.1,65140.416000000005,72378.24,7237.8240000000005,2025-03
ORD10560,2025-04-20,Customer_098,Headphones,Accessories,West,1.0,7646.0,0.15,6499.1,7646.0,1146.8999999999999,2025-04
ORD10561,2025-09-25,Customer_050,Printer,Office,West,2.0,10021.08,0.2,16033.728,20042.16,4008.4320000000002,2025-09
ORD10562,2025-01-14,Customer_075,Monitor,Electronics,East,4.0,18684.5,0.15,63527.3,74738.0,11210.699999999999,2025-01
ORD10563,2025-03-16,Customer_021,Power Bank,Accessories,West,3.0,2023.54,0.15,5160.027,6070.62,910.593,2025-03
ORD10564,2025-07-01,Customer_074,Smartphone,Electronics,East,2.0,52998.62,0.1,95397.516,105997.24,10599.724000000002,2025-07
ORD10565,2025-04-14,Customer_076,External Ssd,Storage,South,3.0,15533.36,0.05,44270.076,46600.08,2330.0040000000004,2025-04
ORD10566,2025-04-22,Customer_033,Webcam,Accessories,East,2.0,6105.52,0.0,12211.04,12211.04,0.0,2025-04
ORD10567,2025-08-10,Customer_038,Mechanical Keyboard,Gaming,East,2.0,7948.01,0.15,13511.617,15896.02,2384.403,2025-08
ORD10568,2025-08-18,Customer_066,Tablet,Electronics,West,2.0,43466.66,0.15,73893.322,86933.32,13039.998000000001,2025-08
ORD10569,2025-05-30,Customer_020,Laptop,Electronics,Central,1.0,78325.41,0.0,78325.41,78325.41,0.0,2025-05
ORD10570,2025-04-26,Customer_055,Printer,Office,East,2.0,7606.74,0.1,13692.132,15213.48,1521.348,2025-04
ORD10571,2025-06-04,Customer_053,Speaker,Audio,North,1.0,8835.47,0.15,7510.1494999999995,8835.47,1325.3204999999998,2025-06
ORD10572,2025-08-27,Customer_095,Tablet,Electronics,North,5.0,12990.86,0.15,55211.155,64954.3,9743.145,2025-08
ORD10573,2025-08-19,Customer_053,External Ssd,Storage,West,2.0,16016.04,0.0,32032.08,32032.08,0.0,2025-08
ORD10574,2025-01-11,Customer_098,Webcam,Accessories,South,3.0,6189.01,0.15,15781.975499999999,18567.03,2785.0544999999997,2025-01
ORD10575,2025-02-19,Customer_088,Headphones,Accessories,South,1.0,3015.68,0.05,2864.8959999999997,3015.68,150.784,2025-02
ORD10576,2025-05-06,Customer_040,Webcam,Accessories,West,1.0,3911.51,0.1,3520.3590000000004,3911.51,391.15100000000007,2025-05
ORD10577,2025-04-03,Customer_094,Keyboard,Accessories,West,1.0,2935.22,0.05,2788.459,2935.22,146.761,2025-04
ORD10578,2025-01-13,Customer_096,Webcam,Accessories,West,3.0,3510.78,0.05,10005.723,10532.34,526.6170000000001,2025-01
ORD10579,2025-06-15,Customer_088,Keyboard,Accessories,South,1.0,2965.27,0.0,2965.27,2965.27,0.0,2025-06
ORD10580,2025-07-09,Customer_069,Mechanical Keyboard,Gaming,South,3.0,7093.39,0.1,19152.153000000002,21280.170000000002,2128.0170000000003,2025-07
ORD10581,2025-04-22,Customer_060,Headphones,Accessories,North,2.0,2756.05,0.1,4960.89,5512.1,551.21,2025-04
ORD10582,2025-04-16,Customer_053,Speaker,Audio,South,2.0,9865.99,0.05,18745.381,19731.98,986.599,2025-04
ORD10583,2025-04-16,Customer_015,Smartwatch,Wearables,Central,2.0,13737.59,0.1,24727.662,27475.18,2747.518,2025-04
ORD10584,2025-08-07,Customer_085,External Ssd,Storage,South,5.0,16563.75,0.05,78677.8125,82818.75,4140.9375,2025-08
ORD10585,2025-02-07,Customer_083,Keyboard,Accessories,West,2.0,2536.95,0.1,4566.509999999999,5073.9,507.39,2025-02
ORD10586,2025-07-15,Customer_059,Laptop,Electronics,North,1.0,83690.76,0.05,79506.222,83690.76,4184.538,2025-07
ORD10587,2025-08-17,Customer_006,Webcam,Accessories,East,2.0,6468.14,0.15,10995.838,12936.28,1940.442,2025-08
ORD10588,2025-05-12,Customer_039,Webcam,Accessories,North,3.0,4320.93,0.15,11018.371500000001,12962.79,1944.4185,2025-05
ORD10589,2025-04-30,Customer_092,Laptop,Electronics,Central,3.0,57573.71,0.0,172721.13,172721.13,0.0,2025-04
ORD10590,2025-08-14,Customer_080,Speaker,Audio,Central,1.0,3359.03,0.0,3359.03,3359.03,0.0,2025-08
ORD10591,2025-01-06,Customer_078,Smartphone,Electronics,East,2.0,45732.13,0.05,86891.04699999999,91464.26,4573.213,2025-01
ORD10592,2025-09-12,Customer_069,Mechanical Keyboard,Gaming,West,4.0,8310.9,0.05,31581.42,33243.6,1662.18,2025-09
ORD10593,2025-09-07,Customer_084,Gaming Mouse,Gaming,West,2.0,1804.07,0.0,3608.14,3608.14,0.0,2025-09
ORD10594,2025-07-24,Customer_081,Smartwatch,Wearables,West,1.0,15995.37,0.1,14395.833,15995.37,1599.5370000000003,2025-07
ORD10595,2025-02-27,Customer_072,Printer,Office,South,2.0,12673.17,0.0,25346.34,25346.34,0.0,2025-02
ORD10596,2025-04-21,Customer_059,Power Bank,Accessories,Central,4.0,3828.46,0.1,13782.456,15313.84,1531.384,2025-04
ORD10597,2025-09-29,Customer_002,Keyboard,Accessories,South,2.0,2005.64,0.1,3610.152,4011.28,401.12800000000004,2025-09
ORD10598,2025-08-09,Customer_094,Laptop,Electronics,South,2.0,76683.75,0.15,130362.375,153367.5,23005.125,2025-08
ORD10599,2025-02-24,Customer_081,Power Bank,Accessories,East,1.0,994.44,0.0,994.44,994.44,0.0,2025-02
ORD10600,2025-02-22,Customer_087,Headphones,Accessories,West,2.0,11034.54,0.1,19862.172000000002,22069.08,2206.9080000000004,2025-02
ORD10601,2025-01-01,Customer_044,Speaker,Audio,East,1.0,8750.35,0.15,7437.797500000001,8750.35,1312.5525,2025-01
ORD10602,2025-05-20,Customer_097,Keyboard,Accessories,Central,3.0,1303.4,0.05,3714.69,3910.2000000000003,195.51000000000002,2025-05
ORD10603,2025-07-09,Customer_012,Gaming Mouse,Gaming,North,1.0,3394.11,0.05,3224.4045,3394.11,169.70550000000003,2025-07
ORD10604,2025-04-13,Customer_043,Power Bank,Accessories,North,2.0,1519.51,0.0,3039.02,3039.02,0.0,2025-04
ORD10605,2025-02-25,Customer_006,Headphones,Accessories,South,1.0,7209.73,0.15,6128.2705,7209.73,1081.4595,2025-02
ORD10606,2025-07-19,Customer_049,Tablet,Electronics,East,1.0,36731.06,0.05,34894.507,36731.06,1836.5529999999999,2025-07
ORD10607,2025-03-04,Customer_083,External Ssd,Storage,West,1.0,8802.71,0.05,8362.574499999999,8802.71,440.1355,2025-03
ORD10608,2025-01-28,Customer_066,Webcam,Accessories,Central,2.0,5093.61,0.0,10187.22,10187.22,0.0,2025-01
ORD10609,2025-06-13,Customer_058,Tablet,Electronics,Central,4.0,36389.21,0.05,138278.998,145556.84,7277.842000000001,2025-06
ORD10610,2025-09-04,Customer_060,Keyboard,Accessories,East,1.0,2704.94,0.1,2434.446,2704.94,270.494,2025-09
ORD10611,2025-07-29,Customer_048,Gaming Mouse,Gaming,North,1.0,2293.88,0.0,2293.88,2293.88,0.0,2025-07
ORD10612,2025-05-17,Customer_016,Smartwatch,Wearables,West,4.0,5378.86,0.05,20439.667999999998,21515.44,1075.772,2025-05
ORD10613,2025-03-08,Customer_024,Power Bank,Accessories,South,1.0,1958.42,0.05,1860.499,1958.42,97.921,2025-03
ORD10614,2025-07-30,Customer_067,Mechanical Keyboard,Gaming,Central,4.0,6708.86,0.05,25493.667999999998,26835.44,1341.772,2025-07
ORD10615,2025-06-12,Customer_076,External Ssd,Storage,North,1.0,17239.93,0.1,15515.937,17239.93,1723.9930000000002,2025-06
ORD10616,2025-05-20,Customer_087,Keyboard,Accessories,West,2.0,1851.35,0.05,3517.5649999999996,3702.7,185.135,2025-05
ORD10617,2025-03-30,Customer_066,Speaker,Audio,East,1.0,7373.97,0.05,7005.2715,7373.97,368.6985,2025-03
ORD10618,2025-08-02,Customer_085,Laptop,Electronics,Central,1.0,64348.09,0.15,54695.8765,64348.09,9652.2135,2025-08
ORD10619,2025-09-07,Customer_052,Mechanical Keyboard,Gaming,North,2.0,4371.64,0.05,8306.116,8743.28,437.16400000000004,2025-09
ORD10620,2025-04-23,Customer_047,Mechanical Keyboard,Gaming,West,1.0,3257.79,0.1,2932.011,3257.79,325.779,2025-04
ORD10621,2025-05-31,Customer_064,Mechanical Keyboard,Gaming,East,2.0,3188.05,0.15,5419.685,6376.1,956.415,2025-05
ORD10622,2025-07-19,Customer_075,Monitor,Electronics,Central,1.0,20772.18,0.15,17656.353,20772.18,3115.8269999999998,2025-07
ORD10623,2025-02-06,Customer_056,Keyboard,Accessories,East,3.0,976.46,0.0,2929.38,2929.38,0.0,2025-02
ORD10624,2025-08-28,Customer_002,External Ssd,Storage,North,5.0,7791.05,0.0,38955.25,38955.25,0.0,2025-08
ORD10625,2025-04-18,Customer_076,Webcam,Accessories,South,2.0,4893.19,0.15,8318.422999999999,9786.38,1467.9569999999999,2025-04
ORD10626,2025-08-08,Customer_094,Webcam,Accessories,North,3.0,5614.88,0.1,15160.176,16844.64,1684.464,2025-08
ORD10627,2025-06-11,Customer_031,Keyboard,Accessories,West,1.0,2889.74,0.0,2889.74,2889.74,0.0,2025-06
ORD10628,2025-04-11,Customer_001,Headphones,Accessories,North,1.0,6854.73,0.0,6854.73,6854.73,0.0,2025-04
ORD10629,2025-07-28,Customer_022,Monitor,Electronics,East,1.0,23464.01,0.15,19944.408499999998,23464.01,3519.6014999999998,2025-07
ORD10630,2025-01-17,Customer_090,Laptop,Electronics,Central,1.0,61315.19,0.15,52117.9115,61315.19,9197.2785,2025-01
ORD10631,2025-09-19,Customer_035,Mechanical Keyboard,Gaming,Central,1.0,5533.51,0.05,5256.8345,5533.51,276.6755,2025-09
ORD10632,2025-09-02,Customer_035,Mechanical Keyboard,Gaming,West,2.0,7452.24,0.1,13414.032,14904.48,1490.448,2025-09
ORD10633,2025-08-05,Customer_034,Keyboard,Accessories,South,1.0,3314.5,0.1,2983.05,3314.5,331.45000000000005,2025-08
ORD10634,2025-02-28,Customer_064,Headphones,Accessories,South,4.0,4567.46,0.0,18269.84,18269.84,0.0,2025-02
ORD10635,2025-01-13,Customer_007,Webcam,Accessories,West,5.0,4592.04,0.1,20664.18,22960.2,2296.02,2025-01
ORD10636,2025-04-10,Customer_035,Webcam,Accessories,South,1.0,4870.38,0.15,4139.823,4870.38,730.557,2025-04
ORD10637,2025-05-25,Customer_071,Gaming Mouse,Gaming,East,3.0,4240.15,0.1,11448.404999999999,12720.449999999999,1272.045,2025-05
ORD10638,2025-05-08,Customer_014,Keyboard,Accessories,Central,5.0,1943.52,0.1,8745.84,9717.6,971.7600000000001,2025-05
ORD10639,2025-07-06,Customer_080,Monitor,Electronics,West,1.0,17300.45,0.0,17300.45,17300.45,0.0,2025-07
ORD10640,2025-08-25,Customer_066,Smartphone,Electronics,East,4.0,23595.6,0.0,94382.4,94382.4,0.0,2025-08
ORD10641,2025-07-20,Customer_045,Monitor,Electronics,South,1.0,19550.97,0.1,17595.873,19550.97,1955.0970000000002,2025-07
ORD10642,2025-05-05,Customer_057,Speaker,Audio,East,4.0,9441.58,0.15,32101.372,37766.32,5664.947999999999,2025-05
ORD10643,2025-08-09,Customer_039,Webcam,Accessories,West,1.0,3231.54,0.0,3231.54,3231.54,0.0,2025-08
ORD10644,2025-05-02,Customer_004,Webcam,Accessories,Central,2.0,6414.77,0.1,11546.586000000001,12829.54,1282.9540000000002,2025-05
ORD10645,2025-04-06,Customer_073,Tablet,Electronics,Central,4.0,20288.59,0.15,68981.206,81154.36,12173.154,2025-04
ORD10646,2025-04-16,Customer_011,Webcam,Accessories,East,4.0,2683.62,0.15,9124.307999999999,10734.48,1610.1719999999998,2025-04
ORD10647,2025-08-02,Customer_070,Laptop,Electronics,East,5.0,88458.62,0.05,420178.44499999995,442293.1,22114.655,2025-08
ORD10648,2025-09-24,Customer_077,Printer,Office,East,4.0,13604.03,0.1,48974.508,54416.12,5441.612000000001,2025-09
ORD10649,2025-09-27,Customer_097,Keyboard,Accessories,South,3.0,3493.34,0.0,10480.02,10480.02,0.0,2025-09
ORD10650,2025-03-24,Customer_047,Power Bank,Accessories,Central,1.0,3809.44,0.0,3809.44,3809.44,0.0,2025-03
ORD10651,2025-08-25,Customer_025,Monitor,Electronics,South,1.0,20475.63,0.05,19451.8485,20475.63,1023.7815,2025-08
ORD10652,2025-05-07,Customer_041,Printer,Office,North,4.0,7598.43,0.05,28874.034,30393.72,1519.6860000000001,2025-05
ORD10653,2025-04-09,Customer_075,Headphones,Accessories,East,2.0,7706.45,0.0,15412.9,15412.9,0.0,2025-04
ORD10654,2025-07-28,Customer_064,Smartphone,Electronics,South,3.0,67153.83,0.05,191388.4155,201461.49,10073.0745,2025-07
ORD10655,2025-09-29,Customer_018,Laptop,Electronics,East,4.0,63883.23,0.0,255532.92,255532.92,0.0,2025-09
ORD10656,2025-08-27,Customer_048,External Ssd,Storage,South,1.0,12582.28,0.0,12582.28,12582.28,0.0,2025-08
ORD10657,2025-05-10,Customer_090,Usb Hub,Accessories,East,2.0,1295.37,0.2,2072.5919999999996,2590.74,518.148,2025-05
ORD10658,2025-07-10,Customer_046,Monitor,Electronics,West,2.0,20887.5,0.1,37597.5,41775.0,4177.5,2025-07
ORD10659,2025-09-10,Customer_081,Printer,Office,West,2.0,21814.91,0.15,37085.347,43629.82,6544.473,2025-09
ORD10660,2025-04-28,Customer_093,External Ssd,Storage,West,3.0,17095.18,0.0,51285.54,51285.54,0.0,2025-04
ORD10661,2025-03-12,Customer_052,Smartphone,Electronics,West,1.0,30386.03,0.05,28866.728499999997,30386.03,1519.3015,2025-03
ORD10662,2025-04-16,Customer_021,Tablet,Electronics,Central,3.0,36008.46,0.05,102624.111,108025.38,5401.269,2025-04
ORD10663,2025-06-13,Customer_002,External Ssd,Storage,South,3.0,7000.7,0.0,21002.1,21002.1,0.0,2025-06
ORD10664,2025-02-03,Customer_013,Laptop,Electronics,East,1.0,46560.27,0.05,44232.256499999996,46560.27,2328.0135,2025-02
ORD10665,2025-08-19,Customer_019,Laptop,Electronics,West,2.0,56692.27,0.15,96376.859,113384.54,17007.680999999997,2025-08
ORD10666,2025-02-19,Customer_082,Power Bank,Accessories,Central,2.0,3460.8,0.1,6229.4400000000005,6921.6,692.1600000000001,2025-02
ORD10667,2025-03-18,Customer_042,Tablet,Electronics,North,1.0,36352.38,0.05,34534.761,36352.38,1817.619,2025-03
ORD10668,2025-06-08,Customer_035,Usb Hub,Accessories,North,1.0,2476.84,0.2,1981.4720000000002,2476.84,495.36800000000005,2025-06
ORD10669,2025-07-06,Customer_010,Keyboard,Accessories,South,2.0,2486.13,0.2,3977.808,4972.26,994.4520000000001,2025-07
ORD10670,2025-01-16,Customer_046,External Ssd,Storage,Central,2.0,13649.75,0.1,24569.55,27299.5,2729.9500000000003,2025-01
ORD10671,2025-01-04,Customer_071,Tablet,Electronics,South,2.0,21204.96,0.0,42409.92,42409.92,0.0,2025-01
ORD10672,2025-02-16,Customer_092,Laptop,Electronics,Central,2.0,56411.29,0.05,107181.451,112822.58,5641.129000000001,2025-02
ORD10673,2025-04-18,Customer_019,Laptop,Electronics,South,3.0,56386.19,0.15,143784.7845,169158.57,25373.7855,2025-04
ORD10674,2025-07-14,Customer_012,Printer,Office,East,1.0,7772.16,0.2,6217.728,7772.16,1554.432,2025-07
ORD10675,2025-05-24,Customer_002,Webcam,Accessories,West,2.0,4768.33,0.1,8582.994,9536.66,953.666,2025-05
ORD10676,2025-04-06,Customer_010,Usb Hub,Accessories,West,1.0,1256.2,0.0,1256.2,1256.2,0.0,2025-04
ORD10677,2025-02-11,Customer_047,External Ssd,Storage,Central,4.0,9209.65,0.1,33154.74,36838.6,3683.86,2025-02
ORD10678,2025-08-30,Customer_027,Power Bank,Accessories,North,2.0,1558.24,0.0,3116.48,3116.48,0.0,2025-08
ORD10679,2025-01-12,Customer_040,Power Bank,Accessories,North,5.0,1468.7,0.1,6609.15,7343.5,734.35,2025-01
ORD10680,2025-08-14,Customer_048,External Ssd,Storage,West,2.0,5177.87,0.0,10355.74,10355.74,0.0,2025-08
ORD10681,2025-06-13,Customer_024,Speaker,Audio,East,2.0,8108.37,0.1,14595.065999999999,16216.74,1621.674,2025-06
ORD10682,2025-01-15,Customer_012,Mechanical Keyboard,Gaming,Central,2.0,7735.92,0.05,14698.248,15471.84,773.5920000000001,2025-01
ORD10683,2025-04-20,Customer_078,Smartphone,Electronics,Central,2.0,46015.58,0.1,82828.04400000001,92031.16,9203.116,2025-04
ORD10684,2025-05-30,Customer_070,Power Bank,Accessories,West,2.0,1956.97,0.15,3326.849,3913.94,587.091,2025-05
ORD10685,2025-08-05,Customer_096,Tablet,Electronics,North,5.0,35985.68,0.1,161935.56,179928.4,17992.84,2025-08
ORD10686,2025-05-31,Customer_096,Smartphone,Electronics,Central,3.0,48796.72,0.1,131751.144,146390.16,14639.016000000001,2025-05
ORD10687,2025-04-14,Customer_078,Tablet,Electronics,West,1.0,19190.42,0.1,17271.377999999997,19190.42,1919.042,2025-04
ORD10688,2025-07-18,Customer_046,Headphones,Accessories,West,1.0,8382.6,0.1,7544.34,8382.6,838.2600000000001,2025-07
ORD10689,2025-09-18,Customer_027,Laptop,Electronics,West,4.0,65730.14,0.05,249774.532,262920.56,13146.028,2025-09
ORD10690,2025-02-12,Customer_097,Webcam,Accessories,Central,2.0,3085.38,0.05,5862.222,6170.76,308.538,2025-02
ORD10691,2025-07-09,Customer_087,Printer,Office,Central,3.0,12775.33,0.05,36409.6905,38325.99,1916.2995,2025-07
ORD10692,2025-04-05,Customer_022,Power Bank,Accessories,South,5.0,2653.81,0.1,11942.144999999999,13269.05,1326.905,2025-04
ORD10693,2025-09-04,Customer_001,Webcam,Accessories,West,2.0,3637.99,0.0,7275.98,7275.98,0.0,2025-09
ORD10694,2025-02-23,Customer_088,Webcam,Accessories,East,1.0,1945.71,0.15,1653.8535000000002,1945.71,291.8565,2025-02
ORD10695,2025-02-15,Customer_067,Webcam,Accessories,North,2.0,6304.9,0.2,10087.84,12609.8,2521.96,2025-02
ORD10696,2025-07-13,Customer_029,Mechanical Keyboard,Gaming,West,1.0,5597.0,0.05,5317.15,5597.0,279.85,2025-07
ORD10697,2025-05-11,Customer_060,Smartphone,Electronics,East,2.0,32338.17,0.0,64676.34,64676.34,0.0,2025-05
ORD10698,2025-03-14,Customer_039,Tablet,Electronics,West,2.0,15945.55,0.1,28701.989999999998,31891.1,3189.11,2025-03
ORD10699,2025-06-20,Customer_013,Smartwatch,Wearables,Central,2.0,17917.6,0.0,35835.2,35835.2,0.0,2025-06
ORD10700,2025-02-12,Customer_083,Headphones,Accessories,West,1.0,4273.05,0.05,4059.3975,4273.05,213.65250000000003,2025-02
ORD10701,2025-03-18,Customer_028,Monitor,Electronics,North,2.0,19994.84,0.05,37990.196,39989.68,1999.4840000000002,2025-03
ORD10702,2025-09-25,Customer_079,Webcam,Accessories,East,1.0,1813.65,0.0,1813.65,1813.65,0.0,2025-09
ORD10703,2025-08-18,Customer_042,Keyboard,Accessories,West,2.0,2996.19,0.0,5992.38,5992.38,0.0,2025-08
ORD10704,2025-09-20,Customer_011,Smartphone,Electronics,Central,4.0,59545.84,0.1,214365.02399999998,238183.36,23818.336,2025-09
ORD10705,2025-05-20,Customer_043,Power Bank,Accessories,East,5.0,3071.34,0.1,13821.03,15356.7,1535.67,2025-05
ORD10706,2025-09-26,Customer_089,Usb Hub,Accessories,Central,4.0,541.87,0.05,2059.106,2167.48,108.37400000000001,2025-09
ORD10707,2025-03-16,Customer_096,Power Bank,Accessories,North,3.0,1927.19,0.1,5203.413,5781.57,578.157,2025-03
ORD10708,2025-08-03,Customer_045,Printer,Office,South,2.0,11837.54,0.05,22491.326,23675.08,1183.7540000000001,2025-08
ORD10709,2025-02-23,Customer_029,Monitor,Electronics,East,2.0,29355.76,0.05,55775.943999999996,58711.52,2935.576,2025-02
ORD10710,2025-09-30,Customer_067,Smartwatch,Wearables,West,1.0,5073.81,0.0,5073.81,5073.81,0.0,2025-09
ORD10711,2025-04-16,Customer_047,Keyboard,Accessories,Central,1.0,1022.41,0.15,869.0485,1022.41,153.36149999999998,2025-04
ORD10712,2025-03-28,Customer_089,Power Bank,Accessories,South,2.0,2909.52,0.0,5819.04,5819.04,0.0,2025-03
ORD10713,2025-05-18,Customer_057,Smartwatch,Wearables,Central,3.0,4598.01,0.0,13794.03,13794.03,0.0,2025-05
ORD10714,2025-08-24,Customer_053,Monitor,Electronics,West,1.0,27231.56,0.05,25869.982,27231.56,1361.5780000000002,2025-08
ORD10715,2025-08-06,Customer_004,Webcam,Accessories,North,1.0,5539.01,0.0,5539.01,5539.01,0.0,2025-08
ORD10716,2025-01-08,Customer_024,Keyboard,Accessories,East,1.0,1718.21,0.0,1718.21,1718.21,0.0,2025-01
ORD10717,2025-02-01,Customer_078,Smartwatch,Wearables,North,1.0,10714.54,0.1,9643.086000000001,10714.54,1071.4540000000002,2025-02
ORD10718,2025-02-16,Customer_059,Printer,Office,West,1.0,11630.19,0.0,11630.19,11630.19,0.0,2025-02
ORD10719,2025-02-08,Customer_004,Tablet,Electronics,East,2.0,29280.89,0.05,55633.691,58561.78,2928.089,2025-02
ORD10720,2025-03-31,Customer_053,Laptop,Electronics,Central,3.0,86210.47,0.05,245699.8395,258631.41,12931.570500000002,2025-03
ORD10721,2025-08-25,Customer_006,Tablet,Electronics,West,1.0,40879.41,0.2,32703.528000000002,40879.41,8175.882000000001,2025-08
ORD10722,2025-04-05,Customer_030,Monitor,Electronics,North,1.0,17513.88,0.1,15762.492,17513.88,1751.3880000000001,2025-04
ORD10723,2025-06-04,Customer_039,Smartphone,Electronics,North,4.0,23202.75,0.1,83529.9,92811.0,9281.1,2025-06
ORD10724,2025-08-23,Customer_062,Laptop,Electronics,Central,4.0,45580.83,0.0,182323.32,182323.32,0.0,2025-08
ORD10725,2025-09-16,Customer_007,Headphones,Accessories,East,2.0,8154.73,0.05,15493.987,16309.46,815.473,2025-09
ORD10726,2025-04-05,Customer_011,Printer,Office,West,2.0,20290.45,0.15,34493.765,40580.9,6087.135,2025-04
ORD10727,2025-01-22,Customer_066,Headphones,Accessories,West,1.0,4056.3,0.1,3650.67,4056.3,405.63000000000005,2025-01
ORD10728,2025-03-26,Customer_055,Mechanical Keyboard,Gaming,East,4.0,5529.76,0.05,21013.088,22119.04,1105.952,2025-03
ORD10729,2025-08-08,Customer_051,Keyboard,Accessories,North,5.0,2215.12,0.1,9968.039999999999,11075.599999999999,1107.56,2025-08
ORD10730,2025-08-03,Customer_069,External Ssd,Storage,South,2.0,7402.9,0.0,14805.8,14805.8,0.0,2025-08
ORD10731,2025-09-28,Customer_071,Laptop,Electronics,Central,1.0,82675.67,0.1,74408.103,82675.67,8267.567000000001,2025-09
ORD10732,2025-01-29,Customer_079,Headphones,Accessories,East,1.0,2743.98,0.1,2469.582,2743.98,274.398,2025-01
ORD10733,2025-05-27,Customer_067,Power Bank,Accessories,South,1.0,2133.16,0.1,1919.8439999999998,2133.16,213.316,2025-05
ORD10734,2025-02-14,Customer_008,Headphones,Accessories,Central,1.0,6661.52,0.0,6661.52,6661.52,0.0,2025-02
ORD10735,2025-01-15,Customer_071,Smartwatch,Wearables,South,5.0,5628.55,0.05,26735.6125,28142.75,1407.1375,2025-01
ORD10736,2025-01-01,Customer_010,Tablet,Electronics,East,1.0,29861.91,0.1,26875.719,29861.91,2986.1910000000003,2025-01
ORD10737,2025-01-12,Customer_089,Smartwatch,Wearables,North,2.0,9541.32,0.05,18128.507999999998,19082.64,954.1320000000001,2025-01
ORD10738,2025-06-20,Customer_006,Mechanical Keyboard,Gaming,Central,3.0,7418.93,0.1,20031.111,22256.79,2225.679,2025-06
ORD10739,2025-05-26,Customer_059,Laptop,Electronics,West,4.0,51415.04,0.05,195377.152,205660.16,10283.008000000002,2025-05
ORD10740,2025-06-09,Customer_009,Laptop,Electronics,West,1.0,47493.71,0.05,45119.0245,47493.71,2374.6855,2025-06
ORD10741,2025-01-06,Customer_080,Mechanical Keyboard,Gaming,Central,2.0,2644.42,0.2,4231.072,5288.84,1057.768,2025-01
ORD10742,2025-03-07,Customer_074,Monitor,Electronics,Central,1.0,11036.28,0.0,11036.28,11036.28,0.0,2025-03
ORD10743,2025-04-24,Customer_055,Smartwatch,Wearables,East,2.0,16797.73,0.0,33595.46,33595.46,0.0,2025-04
ORD10744,2025-01-14,Customer_045,Gaming Mouse,Gaming,West,3.0,2232.18,0.1,6026.885999999999,6696.539999999999,669.654,2025-01
ORD10745,2025-08-02,Customer_023,Power Bank,Accessories,East,2.0,2855.22,0.1,5139.396,5710.44,571.044,2025-08
ORD10746,2025-07-06,Customer_033,Usb Hub,Accessories,East,1.0,1961.74,0.05,1863.653,1961.74,98.087,2025-07
ORD10747,2025-02-06,Customer_026,Tablet,Electronics,East,2.0,14243.12,0.0,28486.24,28486.24,0.0,2025-02
ORD10748,2025-05-06,Customer_087,Laptop,Electronics,West,1.0,63711.84,0.1,57340.655999999995,63711.84,6371.184,2025-05
ORD10749,2025-06-22,Customer_046,Monitor,Electronics,West,5.0,11839.56,0.1,53278.02,59197.799999999996,5919.78,2025-06
ORD10750,2025-03-26,Customer_025,External Ssd,Storage,North,3.0,12433.26,0.05,35434.791,37299.78,1864.989,2025-03
